GU-BA001,世一每日一文趣味讀(一年級),144
EG020-B058,高昇國中考前30天﹝社會﹞,146
UCT-F07,螢火蟲看笑話學成語(2),144
CR012-JM-6,弘碁國小段考試題演練6下-文元,155
SU022-1-04A3A,南一版國中學習標竿講義地理(2),125
TC-BC290,春暉哈哈書套29.0公分5入,26
JS-WX03,五南滿分作文-學測/指考/統測,238
CX012-4-0204,翰林版小無敵數學學習卷4下,109
CX012-2-0102,翰林版小無敵國語評量2下,119
CX-96375,翰林版國小數學勝算120回三年級,128
UZ-FF96A0028,幼福幼兒潛能開發系列-國字,480
UC-CI089-8,亞虎潛能開發9-數學遊戲4~5歲,71
AX012-3-01A2,明霖國小(南版)國語課堂評量3下,96
GU-B6232,世一后妃故事All in One,159
CX012-4-0402,翰林版小無敵社會評量4下,140
NC-4714426803621,三暉幼兒創意迷你貼紙書-動物,79
DX-001,華納威秀電影票,840
AX012-2-01C2,明霖國小(翰版)國語課堂評量2下,112
VT-VTGAR-10,協昌VIVIEN雙面膠帶1cm,8
CXV-SOMIR-0010,和利信史奴比(SNOOPY)小方鏡,23
CX012-6-0403,翰林版小無敵社會講義6下,133
DV022-1-0101,康軒版國中學習自修國文(2),335
CX020-4716413138013,翰林國中贏戰基測五月天﹝社會﹞,218
SU022-3-04A2,南一版國中會考王地理(6),65
UC-20100023,亞虎國小學前先修卷國語.數學科 5~7歲,80
VGR-0001,新世紀單字片語大進擊(套書),616
CX012-2-0304,翰林版小無敵生活學習卷2下,109
GU-C605103,世一奶油獅我會ABC,48
DV012-2-0302,康軒版新挑戰生活評量2下,119
CX012-5-0204,翰林版小無敵數學學習卷5下,116
DV032-1-0101,康熹版高中百試達國文(2) A+B 10012,330
UCT-D29,螢火蟲天天閱讀(低年級上),128
CX012-3-0302,翰林版小無敵自然評量3下,140
NC-27700002,三暉台灣立體地形圖,120
CX012-4-0401,翰林版小無敵社會自修4下,250
1C-SS02219,寶宏新競技疊杯(單人組)-火焰黑 Black Flame,796
5R-0197061,知己貓戰士二部曲套書 晨星,1200
TR030-9789867286154,晟景四十不惑40篇核心古文,292
SU012-4-01A5,南一版國語作業簿4下〔教用〕,45
F2012-2-02A2,奇鼎國小(南版)數學課堂評量2下,119
R0012-4-02A2,金安國小(南校)數學評量4下,112
CX-4716413963035,翰林版國小反覆計算百分百2上,80
XQ012-2-03B2,良品國小(康版)生活評量2下,105
R2-JN-1658A,九達文青16K厚定頁分段標橫格,75
VT-PB7273-2,協昌筆樂搖搖自動鉛筆(粉色),15
UZ-FF69B0332,幼福益智3D立體模型-激戰海陸空,64
UCT-D35,螢火蟲天天閱讀(高年級下),128
UZ-FF56B0001,幼福迪士尼掛圖-注音符號,53
HDX-E0023-01,蔡坤龍幾何王一年級(學校用書),96
SU-OX16A4,南一教學社會4下多媒體學習光碟,200
GX-9789866615788,商流管他單字多長，我就是有辦法 凱信,199
CX012-6-0304,翰林版小無敵自然學習卷6下,121
RUG-70002,捷英社國中語文考突破(2),156
AX2-NS086500,美樂蒂New Smart(8)完整版課文CD 2片/1套,128
TV-AK131,成信國中會考英聽全真模擬 6回合試題+MP3,272
UFZ-YNR-5030B,優奇坊B&W cool學人橫線筆記(白),34
XW032-1-04A1,龍騰版高中領航地理(2),266
FF-CSP-82,青青B5 26孔空白壓線活頁紙,38
52-9789868256699,政大悅讀8寶週(中4)快樂看中國4,128
R2-JPC-75D,九達典雅皮紋上翻筆袋(橘),169
R2-21502545,進達三菱UMR-1替換芯0.28-藍,26
FT-Z07024,前程IQ智力測驗二年級(下),105
UFZ-KNO-25038,優奇坊凱利迪25K橫線筆記-天空之 特價,15
VT-TU1-6506-3,協昌丞儀自動原子筆(紅)特價,50
NU-SS-08,三瑩CONCISE指甲剪(中),26
TV-GO421,成信小學奧數超級教程小學四年級,204
NA-957143841,三民Vocabulary7000隨身讀,234
FW-PV4007,晴天娃娃衣貼紙,30
NU-SST-29E,三瑩彩印便利貼組(童話),45
DV022-2-0505,康軒版國中新命題焦點自然(4),179
R2-20201518,進達雄獅200#奇異筆-黑,15
SU012-5-0401,南一版新超群社會自修5下,250
DV012-1-0101,康軒版新挑戰國語自修1下,335
CC022-13H211,漢華國中新師說試題數學(2)康版,125
FK-NB1301,企鵝時尚筆記本16K-音樂家(特價 原價35元,20
CX012-1-0104,翰林版小無敵國語學習卷1下,121
R0022-04A1-1,金安國中735輕鬆讀國文(2)南版,85
TU-1400045032,成陽博物館驚奇大冒險2 三采,224
DV012-2-0104,康軒版新挑戰國語測驗卷2下,121
TC-BC235,春暉哈哈書套23.5公分7入,26
R0022-03A1-2,金安國中雙向溝通國文(4)南版,172
R2-JB-1812A,九達18K文具風IDEA發想本(牛皮),105
CX012-1-0201,翰林版小無敵數學自修1下,254
EW-BAHCN,光田升國中測驗全壘打-國語,168
R2-JPC-77B,九達蝦米郎巧筆袋(黑),79
TU-017504004,成陽科學賽車王1 三采,224
R2-21502316-4,進達三菱UM-151中性筆0.38(紅),36
UZ-FF69B0326,幼福益智3D立體模型-激戰海陸空,64
CC022-13A232,漢華國中達陣講義國文(4)翰版,195
GU-B9759,世一強化閱讀實力(基礎篇),176
CX032-1-0202,翰林版高中試題挖挖哇數學(2),144
UZ-FF39A0174,幼福快樂圓圓貼,39
SU020-4718373850356,南一版國中台灣歷史圖表通鑑,130
DV020-704011926121,康軒國中會考精選基測試〔國文〕,112
SU022-3-04C2,南一版國中會考王公民(6),78
AX012-1-02A2,明霖國小(南版)數學課堂評量1下,112
UZ-FF49A0782,幼福公主著色本-琉璃灰姑娘,48
R2-20634121-10,進達百樂Juice果汁中性筆0.5黑,26
R2-JBG-51,九達快樂杯零錢包(4色)(特價69),207
UFZ-KNO-16209,優奇坊凱利迪16K橫線筆記-白色的 特價,20
SU022-1-0302,南一版國中會考王英文(2),140
CX012-3-0105,翰林版國語作業簿3下,45
CX020-4716413138723,翰林國中贏戰基測題庫﹝公民﹞,133
RC010-9789866827150,建弘旗開得勝小三數學題庫(上),98
DV022-2-0301,康軒版國中學習自修英文(4),330
S1-DPAA254A,南寶米妮精裝資料本,150
DV012-2-0102,康軒版新挑戰國語評量2下,133
DV012-5-0202,康軒版新挑戰數學評量5下,140
CX020-4716413131014,翰林國中贏戰基測五月天﹝國文﹞,218
GU-B3824,世一連連看1-100,30
UC-D0412179,亞虎階梯數學5.6.7歲(進階篇),55
GB-C25,上人資優數學5一年級,96
XQ012-3-04C2,良品國小(翰版)社會評量3下,109
UFZ-YPC-966A,優奇坊B&W經典學人筆袋(黑),135
EW-CH2-4B,光田奧林匹克幼兒數學2-4歲,208
SU012-5-0402,南一版新超群社會評量5下,140
SU022-1-04B3A,南一版國中學習標竿講義歷史(2),125
DV012-6-0302,康軒版新挑戰自然評量6下,133
NA-957144575,三民成語典(增訂版),360
UZ-FF39A0092,幼福趣味ㄅㄆㄇ(左腦右腦練習本),31
UC-I050-45-3,亞虎3Q幼幼認知貼紙書-交通工具,40
CX-96354,翰林版國小WIN贏計算特訓4年級,112
CX-39100,翰林版升國中入學綜合測驗,184
CX012-6-0201,翰林版小無敵數學自修6下,238
TR030-9789572001837,晟景高中複習週記自然考科,179
S1-VPMA32001,南寶32KKT布質禮物書,159
SU022-2-0301,南一版國中超群新幹線英文(4),351
FW-SC10025A,晴天台灣行吸掛小月曆,33
XQ012-3-02C2,良品國小(翰版)數學評量3下,112
CX020-4716413037620,翰林國中大滿貫複習自然1-2冊,105
CX022-1-0307,翰林版國中英文聽力特快車CD(2) 2片裝,125
CX022-1-0102,翰林版國中試題寶典國文(2),140
EG020-B018,高昇國中考前30天﹝國文﹞,127
EG022-CK42,高昇國中試題王自然(2)康版,133
CX012-3-0303,翰林版小無敵自然講義3下,125
R2-70101621-6,進達飛龍0.5芯C205(4B),34
SU012-2-0104,南一版新超群國語百分卷2下,121
S1-PBB4213B,南寶時尚輕便袋(藍),41
DV012-3-0202,康軒版新挑戰數學評量3下,126
NU-SN-72290B,三瑩俏鬍子72K PP活頁筆記(黑),53
VT-TU1-6506-1,協昌丞儀自動原子筆(藍)特價,5
UCT-F04,螢火蟲常用詞語輕鬆學,144
EG012-2-02C4,高昇國小多元數學測驗卷2下 (翰版),105
F2012-3-01A2,奇鼎國小(南版)國語課堂評量3下,119
FF-CPE-52,青青2mmHB自動筆芯-貓行李,8
EG022-AH34,高昇國中段層掃描數學(4)翰版,215
RUG-20111,捷英社出口成章(低1),128
CX112-5-0202,翰林版(部編)數學評量5下,140
FW-AS1530,晴天舒美15CM鋁尺,23
CX022-3-0503,翰林版國中教學式講義自然(6),195
XJ-9861542175,朗文英文正確用法指引(1) 國一,180
2T-3200905060216,大成成語故事(低甲),36
NU-SS-09,三瑩USE ME指甲剪,30
155-9868054907,播種者古詩選集,16
WR-P056064,圖解新趨勢(熊貓版)數學1下,112
DX-003,國賓影城電影票,570
1C-SS05005,寶宏迷你疊杯-綠,393
DV022-1-0503,康軒版國中學習講義自然(2),257
JS-5Q14,五南國中數學概念.公式.定理解讀 五南,298
UFZ-YNCP-29A,優奇坊戀戀花草單寧風證件牛仔藍,30
UZ-FF96D0044,幼福幼兒入園準備-紙飛機(40款),96
VT-PB7273-1,協昌筆樂搖搖自動鉛筆(藍色),15
UFZ-YNO-1826B,優奇坊便利屋神話故事18K英文練,23
R2-21502316-3,進達三菱UM-151中性筆0.38(黑),36
R0-4717211003428,金安天下雜誌-怎麼學才有未來 (定價220元),180
TU-1400045035,成陽超級機器人大作戰3 三采,224
DV022-3-0202,康軒版國中百試達數學(6),111
TU-1400045020,成陽勇闖宇宙大冒險3 三采,224
NC-10155886,三暉太鼓!咚!咚!咚!,384
DV012-6-0301,康軒版新挑戰自然自修6下,250
XQ012-6-03C2,良品國小(翰版)自然評量6下,93
CX012-5-0103,翰林版小無敵國語講義5下,133
S1-PBBL313B,南寶時尚輕便袋(藍),49
UCT-E37,螢火蟲常用詞語完全訓練日記(上),240
R2-JN-1658B,九達文青16K厚定頁分段標橫格,38
FF-CDN-195B,青青2014 48K彩色日曆手冊(紅),55
EG012-3-02C5,高昇(翰版)數學作業簿3下,45
GU-B2382,世一猜謎高手,48
R2-JEN-1802A,九達YABI兔定頁英語練習本(格),23
DV022-1-0505,康軒版國中新命題焦點自然(2),179
CAU-03605067,紅螞蟻一口氣背單字 學習,323
DV022-3-0101,康軒版國中學習自修國文(6),279
GU-C605108,世一奶油獅我會寫國字,48
CX020-4716413130543,翰林國中3800應用題彙編﹝自然﹞,266
EG020-Q048,高昇國中94~102精選歷屆試題﹝自,113
UFZ-YPM-130,優奇坊戀戀花草隨身幸福台灣磁鐵,30
HDX-B0077-1,蔡坤龍歷屆數學競賽試題一年級 新版(25~34屆),184
CX012-4-0203,翰林版小無敵數學講義4下,154
SU022-2-0404,南一版國中新超群百分卷社會(4),109
XQ012-5-04B2,良品國小(康版)社會評量5下,90
UC-I099,亞虎石頭魚游大海,74
CX012-5-0201,翰林版小無敵數學自修5下,335
DV012-1-0302,康軒版新挑戰生活評量1下,133
UZ-FF72B0011,幼福趣味卡通慣性車(直昇機),50
R2-20638214-1,進達百樂舒寫原子筆EF0.5(藍),21
TR030-9789867286406,晟景四十不惑40篇核心古文試題篇,120
F2012-5-04B2,奇鼎國小(康版)社會課堂評量5下,112
R0022-04C5-1,金安國中735輕鬆讀自然(2)翰版,109
EG12-V01,高昇寒假雙想抱(數學.語文)1年級,41
RC010-9789866827518,建弘旗開得勝小三數學題庫(下),128
FT-Z01005,前程國語文推理智力測驗5中年級,128
DV020-702001553121,康軒3300應用題彙編〔國文〕,241
R2-21700306,進達PLUS606修正內帶6mm,30
RC022-1-0203,建弘國中活用講義數學(2)綜合版 翰康南適用,1218
R2-70100925-1,進達飛龍自動橡皮擦-黃 ZER80,38
SU022-1-04C2,南一版國中會考王公民(2),86
UFZ-YMP-46B,優奇坊便利屋0.9抗壓三角自動鉛,26
XE-040647,聯冠歡迎光臨餓蘑島 天下雜誌,188
GU-B5201,世一ACME簡明英漢字典,150
XW032-2-0101,龍騰版高中領航國文(4) A+B,298
S1-VPCS2555B,南寶25KMM精裝畫冊,119
DV022-2-0503,康軒版國中學習講義自然(4),250
CX012-5-0102,翰林版小無敵國語評量5下,140
CC020-13C105,漢華國中會考ING複習講義﹝地理,240
1G1-AKN0002,博碩這個答案你知道嗎?世界遺產 歐洲篇,152
NU-SN-72290A,三瑩俏鬍子72K PP活頁筆記(白),26
1C-SS03615,寶宏比賽桌墊計時器G3,1548
DV012-3-04A5,康軒版社會作業簿3下〔教用〕,45
CX022-3-0102,翰林版國中試題寶典國文(6),104
SU022-3-0401,南一版國中超群新幹線社會(6),-259
GU-B5844,世一國小高年級作文,144
2T-4200812100226,大成重點數學(2下),50
R2-21700371,進達PLUS捲軸雙面膠帶6mm,49
R2-JW-26,九達7*7摺鶴紙,11
GU-C605110,世一奶油獅我會九九乘法,48
UFZ-KNO-25040,優奇坊凱利迪25K橫線筆記-熊好快 特價,15
EG012-5-02A2,高昇國小(南版)數學評量5下,108
DV022-1-0303,康軒版國中學習講義英文(2),234
CC022-13A215,漢華國中達陣講義數學(4)康版,195
22W010-0001,點都通國小資優模擬試題-國語 台灣書店,210
JS-1A11,五南小學生成語辭典(精),298
S1-DPAA253B,南寶維尼精裝資料本,143
UC-IO50,亞虎寶寶塗鴉本-大象篇,40
GU-B3722,世一先修評量卷10-進階數學習作,30
S1-VPNA25K02,南寶MM精裝活頁筆記,149
XQ012-6-01B2,良品國小(康版)國語評量6下,224
FF-CSP-85,青青25K A5活動夾補充內頁(空白),19
EW-BHED,光田升高中教育會考模擬題本-自,232
XQ012-4-02B4,良品國小活潑數學測驗卷4下 (康版),98
R2-70103311,進達飛龍橡皮擦小,15
SU012-4-0301,南一版新超群自然自修4下,224
TU-1400088001,成陽美索不達米亞尋寶記 三采,240
DV012-6-0402,康軒版新挑戰社會評量6下,119
R2-20201501-1,進達雄獅600#奇異筆-藍,11
NA-957144672,三民新譯幽夢影,153
CX022-1-0503,翰林版國中教學式講義自然(2),226
NC-10132045,三暉動物與昆蟲-新版兒童十萬個,102
CC020-13O105,漢華國中前進103基測題本﹝自然 定價200元,100
CX022-3-0401,翰林版國中新無敵自修社會(6),294
F2022-3893600285826,奇鼎國中KO基測講義國文(4)南版,164
TU-6130001002,成陽我愛每日一文低2 狀元學堂,114
SU012-4-0302,南一版新超群自然評量4下,140
XQ012-4-03C2,良品國小(翰版)自然評量4下,109
UFZ-YMP-36,優奇坊B&W個性0.5大三角自動鉛筆,15
NA030-278064061,三民版選修歷史總複習(上.下),255
FF-CK-67,青青84K英倫格紋收支本,30
AX012-5-01C2,明霖國小(翰版)國語課堂評量5下,288
CX012-6-0402,翰林版小無敵社會評量6下,140
UFZ-YNR-3604C,優奇坊戀戀花草戀幸福PP36K筆記,45
EW-BMAN10,光田數學題型舉一反三1年級全-新,264
R0020-1302049001024,金安國中統領考前30天自然科(全),158
EG022-BN34,高昇國中直說講義數學(4)南版,218
XE-053587,聯冠大家說英語2014第1期+課CD,198
R2-20412012-2,進達櫻花白板筆(黑),34
UFZ-KNO-16198,優奇坊凱利迪16K橫線筆記-隨想札 特價,20
CX020-4716413111177,翰林國中悅讀大哥大(2),234
TU-1400071514,成陽科學實驗王14 岩石與礦物 三采,224
XV-0066,領先磁鐵公仔-洋基,35
GU-B5138-N,世一32K彩色新編國語辭典,360
CX022-2-0502,翰林版國中試題寶典自然(4),117
R0012-5-02C2,金安國小(翰校)數學評量5下,112
F2012-1-02B2,奇鼎國小(康版)數學課堂評量1下,102
GU-B2110-1,世一益智猜謎,31
RUG-200924,捷英社進階閱讀訓練教材(中4) (學萌),120
FF-CN-3210,青青32KLifeLog不織布夾鍊書衣,53
GU-C5402,世一32K彩色英漢字典,280
NA-084110802,三民指考強心針-數學乙(含解答),191
CC022-13H235,漢華國中新師說試題歷史(4)翰版,86
FF-CPC-68,青青考試超透明萬用筆袋-點點馬,30
NC-10152609,三暉兒童學習大三角鉛筆6B 3~5歲適用,79
NA-957144713,三民Vocabulary4001-7000隨身讀,204
UZ-FF72B0003,幼福趣味卡通慣性車(工程車),50
UFZ-KNR-3612A,優奇坊凱利迪36K PP厚筆記,29
UC-D0412344,亞虎3歲我要貼聲音,79
F2012-3-01B2,奇鼎國小(康版)國語課堂評量3下,119
AX020-2023172001802,明霖國中主題式歷屆試題﹝英語﹞ 90-102,135
RC010-9789866827976,建弘旗開得勝小二數學題庫(下),136
CC020-13E103,漢華國中滿分王複習試題集﹝數學,91
GB-J09,上人數一數連連看(3),112
AX020-2023175001809,明霖國中主題式歷屆試題﹝社會﹞ 90-102,135
NC-26500023,三暉綠色矽膠握筆器,30
CX020-4716413133018,翰林國中贏戰基測五月天﹝數學﹞,218
EG022-BK34,高昇國中直說講義數學(4)康版,182
R2-20201511,進達雄獅800#超細奇異筆(黑),15
XQ012-4-04C2,良品國小(翰版)社會評量4下,109
DV012-6-03A6,康軒版自然手繕卷6下〔教用〕,45
CX-96080,翰林版國小閱讀小達人(中4),128
EG012-4-02B2,高昇國小(康版)數學評量4下,126
C1-07804002,宏寶聊齋誌異 東方,119
TU-1400090001,成陽科學神偷1:運動與能量 三采,319
UC-02-076AH-1,亞虎教學錢幣罐,144
CX-4716413960577,翰林版國小形音義小達人第4輯,104
UFZ-YC-40C,優奇坊戀戀花草戀生活簽名板書大,60
1G-4718395007233,百世徹底反覆計算(三)-新,78
UC-C34004,亞虎我的第一本貼紙遊戲書生活用 3-6,40
R0022-03CA-2,金安國中雙向溝通地理(4)翰版,78
GU-B2495,世一ㄅㄆㄇ練習簿,12
FF-CC-37,青青摺紙小便條-迷你Q系列,11
CAU-0883000202,紅螞蟻全民英檢初級聽力(第三版) 簡單,272
GU-B3716,世一先修評量卷4-大班國語習作,30
UZ-FF39A0096,幼福ABC字母練(左腦右腦練習本),39
NU-SPE-55A,三瑩USE ME粗筆芯(HB),15
DV022-3-0302,康軒版國中百試達英文(6),111
R2-68020460,進達迷你膠帶(特價),5
SU122-3-0203,南億國中北北基學習講義數學(6) 適翰版,143
F2012-1-01C2,奇鼎國小(翰版)國語課堂評量1下,102
CX012-1-0301,翰林版小無敵生活自修1下,208
DV022-1-0301,康軒版國中學習自修英文(2),335
CX112-6-0202,翰林版(部編)數學評量6下,140
UZ-FF79D0364,幼福我的視覺遊戲書-看一看，是,79
1C-SS04503-3,寶宏學術系列單人組-藍G3,2652
CX022-2-0307,翰林版國中英文聽力特快車CD(4) 2片裝,104
VT-GP105-1,協昌筆樂GP105中性筆(紅),11
R2-20634120-2,進達百樂Juice果汁中性筆0.38咖,26
SU022-1-0202,南一版國中會考王數學(2),140
C1-09120613,宏寶一起來尋寶-100個訓練觀察力 究竟,170
R0022-03A5-3,金安國中雙向溝通自然(6)南版,164
AX020-2023173001801,明霖國中主題式歷屆試題﹝數學﹞ 90-102,135
F2012-4-03A2,奇鼎國小(南版)自然課堂評量4下,96
R0022-02C5-2,金安國中試題篇自然(4)翰版,140
R2-JM-23,九達塗鴉本(4圖)(特價29),29
CX022-2-05A3,翰林版國中超級翰將講義自然(4),241
UCT-D24,螢火蟲小學語文快易通(8),128
FW-AS1555,晴天舒美30CM鋁尺,41
FF-CN-5003,青青50K動物橫線手冊,19
CX112-6-0203,翰林版(部編)同步數學講義6下,140
NU-SST-29B,三瑩彩印便利貼組(插畫),45
RC020-9789866827358,建弘國中國文超越閱讀(題組)300,263
UFZ-YSK-829C,優奇坊HAPPY DAYS畫畫達人8K繪圖,56
SU020-4718373850646,南一國中國文文意全攻略,156
2T-4200905100119,大成重點數學(1上),80
EG012-1-02A2,高昇國小(南版)數學評量1下,126
CAU-01751006,紅螞蟻中學生作文最常見的病句 宇河,230
RUG-61018,捷英社成語1200例(8)進階篇,128
VT-VTGAR-06,協昌VIVIEN雙面膠帶0.6mm,8
GU-BA051,世一活力成語100分三年級,56
SU012-6-0304,南一版新超群自然百分卷6下,121
CR012-2E-2,弘碁國小段考試題演練2下-大港,155
HDX-B0020,蔡坤龍國小數學指引(二年級),160
DV020-704071926121,康軒國中會考精選基測試〔自然〕,112
DV022-3-04B2,康軒版國中百試達歷史(6),70
XQ012-2-01B2,良品國小(康版)國語評量2下,112
DV022-2-04A2,康軒版國中百試達地理(4),75
CX022-1-0404,翰林版國中新無敵測驗卷社會(2),113
CX012-6-04A5,翰林版社會作業簿6下〔教用〕,45
EG012-2-02B2,高昇國小(康版)數學評量2下,126
R0022-04A1-3,金安國中735輕鬆讀國文(6)南版,84
GU-VT0032,世一帶著背-全民英檢中高級片語,79
EG022-FH42,高昇國中多元講義自然(2)翰版,117
JS-2B52,五南教甄筆試EZ通 考用,325
V2-9789868323674,現代高中數學講義全,285
CR012-C2-5,弘碁國小段考試題演練5下-海佃,155
CX022-2-0202,翰林版國中試題寶典數學(4),140
CAU-0361201103,紅螞蟻國中常用2000字(書+MP3) N學習,187
1G-4718395008407,百世字詞達人五年級-新,98
UFZ-YHK-38B,優奇坊HAPPY DAYS my cash存摺收,26
EW-BDMN22,光田國小數學推理訓練2下,152
CR012-HR-5,弘碁國小段考試題演練5下-慈濟,155
UZ-FF29A0088,幼福彩色塗鴉著色本-機動戰士,31
F2012-4-04A2,奇鼎國小(南版)社會課堂評量4下,96
1G-4718395008872,百世A+數學講義小五第二期-新,105
CC022-13A231,漢華國中達陣講義國文(2)翰版,179
CX022-2-0301,翰林版國中新無敵自修英文(4),315
1G-4718395007875,百世成語72變-新,160
SU10-01D-02,南一看故事學成語(低2),73
XE-053584,聯冠大家說英語第1期+MP3 SUPEN,198
R2-JN-2559B,九達蝦米郎25K定頁筆記本,19
RUG-14002,捷英社每日10題(2年級),144
UZ-FF72B0007,幼福趣味卡通慣性車(載貨車),50
UC-DA002K,亞虎朵拉Bling Bling彩繪膠畫,144
2Z-MIDP150-1,東方米奇證件皮夾,90
RUG-14004,捷英社每日10題(4年級),126
2T-0059,大成直式計算題3年級,66
DV012-1-0104,康軒版新挑戰國語測驗卷1下,121
R2-20634121-9,進達百樂Juice果汁中性筆0.5粉,26
R0022-04C2-1,金安國中735輕鬆讀數學(2)翰版,109
GU-B9861,世一奧林匹克小學數學考前特訓5,88
NC-26500020,三暉黑色U-Pen自動鉛筆0.5,48
M2032-2-03B1,遠東版高中新紀元英文(4)乙版 A+B+C,404
CX012-6-0401,翰林版小無敵社會自修6下,250
EW-BMAN12,光田數學題型舉一反三1年級下-新,144
R0022-02B5-2,金安國中試題篇自然(4)康版,140
CX022-3-04A3,翰林版國中教學式講義地理(6),85
XQ012-2-02B2,良品國小(康版)數學評量2下,96
F2012-5-02A2,奇鼎國小(南版)數學課堂評量5下,119
EG020-B028,高昇國中考前30天﹝英語﹞,120
R2-JR-17,九達蝦米郎鋁尺,26
DV022-3-05A3,康軒版國中麻辣講義自然(6),281
UZ-FF64B0035,幼福日常用品200mini貼紙書,64
FW-BP2577C,晴天布花16K空白筆記,19
GU-BA006,世一每日一文趣味讀(六年級),144
DV020-704141401699,康軒國中中國地理新圖表全集,164
XQ012-5-04C2,良品國小(翰版)社會評量5下,109
TU-1400071523,成陽科學實驗王23 月亮的週期 三采,224
VT-RX1-1329-1,協昌巨倫考試專用中性筆0.5(藍),11
52-9789866813092,政大成語星光幫(高3)呆呆的尋寶 事件簿[首部曲],96
FF-CZ-040,青青8色旋轉蠟筆(特價),78
CX022-1-03A3,翰林版國中超級翰將講義英文(2),577
R0022-03C5-1,金安國中雙向溝通自然(2)翰版,156
R0020-1106069001022,金安國中會考基精123﹝生物﹞,120
R2-20638214,進達百樂舒寫原子筆EF0.5(紅),21
CR012-JM-4,弘碁國小段考試題演練4下-文元,155
RUG-61016,捷英社成語1200例(6)進階篇,128
CX-39103,翰林國小升私中模擬試題-國語,144
R0022-04B2-3,金安國中735輕鬆讀數學(6)康版,195
CQ021-9789867284617,華普縱橫天下國中資優理化(1) 二上,143
NC-10152611,三暉兒童學習大三角鉛筆2B 6~7歲適用,74
GU-B3714,世一先修評量卷2-大班拼音基礎,30
RUG-12006,捷英社遊戲推理數學(6) 不再版10/29,96
CX020-0008,翰林國中94~102歷屆基測套書 定價900元,480
GU-C605040,世一奶油獅42片拼圖(gogo賽車),64
CX020-4716413119074,翰林國中贏家台灣歷史圖表大探索,156
GU-B02117,世一白雪公主CD,48
EW-TGMN32,光田小學數學推理應用3年下,128
XQ012-6-04B2,良品國小(康版)社會評量6下,105
CX022-3-01A3,翰林版國中超級翰將講義國文(6),215
DV022-3-04A3,康軒版國中學習講義地理(6),85
R2-JGC-94B,九達燙金卡片-蝦米郎生日,15
NC-10152621,三暉矽膠握筆器(藍.紅.綠),74
NC-10134106,三暉小學生作文起步,200
SU012-2-0102,南一版新超群國語評量2下,140
R0012-3-02C2,金安國小(翰校)數學評量3下,112
GB-C02,上人資優數學2小班,96
RUG-20202,捷英社小學生古詩100首(下),360
DV022-3-04A2,康軒版國中百試達地理(6),70
CX112-4-0204,翰林版(部編)數學學習卷4下,121
F2012-4-01C2,奇鼎國小(翰版)國語課堂評量4下,102
GU-B6086,世一九九乘法(VCD版),104
SU012-2-0301,南一版新超群生活自修2下,250
FF-CSP-86,青青48K A6東康橫罣滑動夾補充內,17
UFZ-YMP-17,優奇坊B&W自動鉛筆,15
CR012-2E-3,弘碁國小段考試題演練3下-大港,155
SU012-6-0204,南一版新超群數學百分卷6下,121
R0012-6-02C2,金安國小(翰校)數學評量6下,112
UC-DAA04E,亞虎朵拉愛畫畫貼畫,48
UZ-FF249D0118,幼福中國歷史一本通(新版),224
UFZ-YMPS-14,優奇坊便利屋心願QQ果凍小筆套,15
CX022-2-0303,翰林版國中教學式講義英文(4),226
UC-D0412380,亞虎幼兒多元智能開發-智力5~6歲,55
FF-CBN-233R,青青B5 26孔東康增頁筆記(粉),83
CX022-1-0203,翰林版國中教學式講義數學(2),222
DV022-2-04B2,康軒版國中百試達歷史(4),75
GU-B02208,世一年獸來了VCD,48
r2-20634156-3,進達百樂滑力筆0.38-綠,30
CR012-2E-1,弘碁國小段考試題演練1下-大港,155
CX012-1-0203,翰林版小無敵數學講義1下,117
SU-OX14A4,南一教學自然4下多媒體學習光碟,200
SU012-3-0202,南一版新超群數學評量3下,148
CX012-5-0101,翰林版小無敵國語自修5下,301
CC022-13A212,漢華國中達陣講義國文(4)康版,187
SU022-2-04A3A,南一版國中學習標竿講義地理(4),125
EG012-6-02A2,高昇國小(南版)數學評量6下,117
DV022-3-04A5,康軒版國中新命題焦點地理(6),86
S1-VPCS2555A,南寶25KKT精裝畫冊,119
F2012-6-04C2,奇鼎國小(翰版)社會課堂評量6下,96
1G-4718395006458,百世A+數學講義小四第二期,84
SU20-4718373770968,南一版國中自然地科圖表通鑑,137
NC-10152151,三暉螞蟻搬家數學遊戲板,784
CR012-V1-4,弘碁國小段考試題演練4下-賢北,155
FT-SE002B,前程爆笑數學3國(下),224
AX012-3-02C2,明霖國小(翰版)數學課堂評量3下,112
UFZ-KNO-25042,優奇坊凱利迪25K橫線筆記-愛作夢 特價,15
DV012-1-0201,康軒版新挑戰數學自修1下,335
RU-9320233,金音15W紙帶-藍底繽紛花,34
SU10-01D-01,南一看故事學成語(低1),73
VT-RX1-1368,協昌巨倫考試專用中性筆0.38(紅),11
JS-1X4M,五南圖解我的第一本作文書,213
HDX-A0011,蔡坤龍幼兒資優大全-大班(5),158
F2012-2-01B2,奇鼎國小(康版)國語課堂評量2下,119
UC-CI089-11,亞虎潛能開發12-智慧遊戲4~5歲,71
XQ012-5-01A2,良品國小(南版)國語評量5下,224
CX022-1-0301,翰林版國中新無敵自修英文(2),351
TV-AN451,成信圖像式發音故事-拼讀練習本2,127
UFZ-YGW-08A,優奇坊便利屋好樣小白膠(藍),15
CX022-2-01A3,翰林版國中超級翰將講義國文(4),241
CAU-03610051,紅螞蟻高中英文詞類變化 N學習,153
UFZ-KNR-6412C,優奇坊凱利迪64K PP厚筆記,19
CX022-1-04A2,翰林版國中試題寶典地理(2),75
VT-TU1-919-1,協昌極速919油性筆-黑,23
SU022-2-0401,南一版國中超群新幹線社會(4),351
DV012-6-04A5,康軒版社會作業簿6下〔教用〕,45
DV022-1-04C3,康軒版國中學習講義公民(2),113
RUG-20004,捷英社小學生每日一文低年級(4),120
UCT-D49,螢火蟲晨間勵志讀本(1),176
SU022-3-0201,南一版國中超群新幹線數學(6),304
CR012-VA-2,弘碁國小段考試題演練2下-西門,155
2T-2201112100628,大成重點數學康版(6下),80
GU-B00064,世一愛心小手拍-小,69
CR012-GA-5,弘碁國小段考試題演練5下-石門,155
SU022-1-0102,南一版國中會考王國文(2),135
GU-C605251,世一奶油獅可愛動物貼貼書,96
GU-C606315,世一可愛貼紙15(米奇),15
UC-PUZ0174A,亞虎ADVENTURE42片中型拼圖,64
DV022-2-0504,康軒版國中新挑戰測驗卷自然(4),113
FF-CR-48,青青15CM壓克力溝引尺-長頸鹿,11
SU020-4718373850127,南一國中英語閱讀Four in One 〔高級篇〕,109
CX012-6-0204,翰林版小無敵數學學習卷6下,109
JV-9789579231176,文馨25K新觀念英漢辭典,440
UC-D0412356,亞虎幼兒多元智能開發-迷宮2~3歲,55
CX012-3-0404,翰林版小無敵社會學習卷3下,121
F2012-6-01C2,奇鼎國小(翰版)國語課堂評量6下,102
UC-CI089-6,亞虎潛能開發7-連連看4~6歲,71
FF-CST-127A,青青黃色鴨鴨貼紙(農場篇),15
FK-NB1307,企鵝時尚筆記本16K-胡桃鉗(特價 原價35元,20
SU022-1-0502,南一版國中會考王自然(2),140
UZ-FF239D0025,幼福恐龍小百科(3冊),239
R0022-03A5-2,金安國中雙向溝通自然(4)南版,156
CX-96381,翰林版國小數學勝算120回六年級,104
VT-CX-916-1,協昌極速原子筆0.6-紅,9
R2-21502089-1,進達三菱UM-120中性筆-紅,26
EG020-R038,高昇國中94~102全集歷屆試題﹝數,143
EG022-FH32,高昇國中多元講義數學(2)翰版,125
XQ012-1-02B4,良品國小活潑數學測驗卷1下 (康版),98
FT-Z07025,前程IQ智力測驗三年級(上),105
2T-0058,大成直式計算題2年級,66
FF-CN-1338B,青青13K東康功能性加厚筆記(藍),49
UFZ-YMP-50,優奇坊便利屋資優三角橡擦免削筆,27
FF-CP-69,青青300字稿紙-Practical系列,8
DV022-1-04A3,康軒版國中學習講義地理(2),113
CX012-2-0301,翰林版小無敵生活自修2下,250
DV022-3-0305,康軒版國中新命題焦點英文(6),172
SU012-6-0404,南一版新超群社會百分卷6下,121
XQ012-3-04A2,良品國小(南版)社會評量3下,90
FW-SC10025B,晴天造型吸掛小月曆,33
XE-049631,聯冠圖解速記英語1200字(書展),240
FF-CN-3211G,青青32KLifeLog多功能規劃冊(理),30
UFZ-YGL-24D,優奇坊SWEETY BABY小膠水(紫),6
XQ012-4-02B2,良品國小(康版)數學評量4下,112
SU012-5-0203,南一版點線面數學講義5下,172
CC020-131212,漢華100個最常發問的問﹝國文﹞,117
CX020-4716413111115,翰林國中不只要開花,179
TU-1400071806,成陽雨林冒險王6-黑暗的洞穴 三采,224
UCT-D50,螢火蟲晨間勵志讀本(2),176
CX-4716413963028,翰林版國小反覆計算百分百1下,65
SU012-6-0202,南一版新超群數學評量6下,148
DV020-704011925121,康軒國中94~102基測試題本﹝國文,135
GU-C606316,世一可愛貼紙16(米奇),15
CX012-2-0302,翰林版小無敵生活評量2下,133
CX112-6-02A6,翰林版(部編)數學手繕卷6下 〔教用〕,45
r2-20634156-1,進達百樂滑力筆0.38-紅,30
EG022-BK32,高昇國中直說講義數學(2)康版,182
52-9789866813085,政大成語星光幫(高1)呆呆的偵探 事件簿[首部曲],96
VT-1FFTR-1,協昌標籤清除劑-小,15
DV012-4-0204,康軒版新挑戰數學測驗卷4下,121
SU012-5-0202,南一版新超群數學評量5下,133
AX020-2023186003793,明霖國中練5功歷屆試題套書 原價1150元,379
EW-BHEB,光田升高中教育會考模擬題本-社,232
R2-JC-09,九達招牌夾,27
FT-Z03013,前程中年級數學應用問題專題(上),224
FF-CD-3613,青青36K交換日記-S.SIIY GIRL,19
UZ-FF39A0269,幼福我愛我家貼貼樂-快樂好時光,40
DV022-2-0105,康軒版國中新命題焦點國文(4),150
CX012-5-0303,翰林版小無敵自然講義5下,125
GU-BA066,世一字詞造句應用100分一年級,104
R2-21502538-1,進達三菱UMR-1替換芯0.38--黑,26
DV020-702001553421,康軒3300應用題彙編〔自然〕,293
FF-CST-137A,青青DIY裝飾娃娃泡泡貼(Tea time,30
CX020-4716413130017,翰林國中歷屆基測試題〔國文〕 94~102年,135
GU-Q16015,世一重裝直升機(387片),647
UC-20100022,亞虎國小學前準備ㄅㄆㄇ評量卷 5~7歲,40
GU-VT0031,世一帶著背-全民英檢中級片語,79
F2112-4-0202,奇鼎國小(部編)數學課堂評量4下,96
SU012-1-0204,南一版新超群數學百分卷1下,121
XQ012-5-01B2,良品國小(康版)國語評量5下,112
CR012-A2-1,弘碁國小段考試題演練1下-麻豆,155
F2012-4-02B2,奇鼎國小(康版)數學課堂評量4下,238
EW-WWD60,光田國小作文與閱讀講義6年級,184
UC-RCD31,亞虎我的第一本神奇水彩貼畫,80
F2012-5-01B2,奇鼎國小(康版)國語課堂評量5下,102
TU-017102006,成陽非洲草原歷險記 三采,224
NC-26500101,三暉寫字基本方法教材B組(自動鉛,319
DV020-702001553221,康軒3300應用題彙編〔英語〕,255
2T-5201207240618,大成數學一本通6年級,192
F2012-3-01C2,奇鼎國小(翰版)國語課堂評量3下,102
FF-CSP-95,青青50K東康橫線資料卡夾補充內,30
UFZ-YNO-2543B,優奇坊便利屋童話部屋25K音樂本,19
FF-CD-3625,青青36K蕉蕉人畢冊內頁補充包,23
XJ-9789620057953,朗文初階詞典(英漢雙解) 第三版,384
CX022-3-04C3,翰林版國中教學式講義公民(6),85
CQ022-9789867284761,華普縱橫天下國中資優理化(2) 二下,143
DV022-1-0401,康軒版國中學習自修社會(2),323
UFZ-YBP-22A,優奇坊B&W學人音符字母書架(黑),90
155-004,播種者古詩新意2,28
EG022-AN32,高昇國中段層掃描數學(2)南版,257
RUG-200913,捷英社啟蒙閱讀訓練教材(低3) (學萌),120
GU-B02101,世一唐詩CD,80
CX-4716413960454,翰林版國小形音義小達人基礎篇,128
RUG-12005,捷英社遊戲推理數學(5) 不再版10/29,96
R0022-03B5-1,金安國中雙向溝通自然(2)康版,156
CX020-4716413130550,翰林國中3800應用題彙編﹝社會﹞,285
GU-B02124,世一甜蜜搖籃曲CD,48
SU022-3-04C3,南一版國中點線面全方位公民(6),72
1G-4718395007929,百世三段式數學特訓問題(五)-新,176
S1-VPNA25K03,南寶LT精裝活頁筆記,149
CAU-01623017,紅螞蟻論語應該這樣讀 知青,339
DV020-704051926121,康軒國中會考精選基測試〔數學〕,91
GE-83006,仕耕優學堂國語作業簿直行格,5
SU022-1-0501,南一版國中超群新幹線自然(2),315
1G-4718395007899,百世三段式數學特訓問題(二)-新,176
R2-JN-1657A,九達文青16K定頁分段標橫格(牛,23
CX020-4716413132028,翰林國中贏戰基測題庫﹝英語﹞,210
FF-CST-129E,青青手帳裝飾貼(行程篇),13
XQ012-3-04B2,良品國小(康版)社會評量3下,90
EW-BAHA7,光田升國中入學評量(國數自社),224
SU022-3-0303,南一版國中點線面全方位英文(6),226
NC-10132046,三暉人體與生活-新版兒童十萬個,102
RC020-9789865841324,建弘活用會考複習講義﹝公民科﹞ 5-6冊,90
UFZ-KNR-6412A,優奇坊凱利迪64K PP厚筆記,19
DV022-1-0502,康軒版國中百試達自然(2),133
1G-4718395007394,百世字形達人四年級,85
UC-QFG01C,亞虎公主閃閃六面拼圖,224
CX022-1-0103,翰林版國中教學式講義國文(2),226
R2-JGC-96B,九達字母鏤空卡(Love You),19
GU-B2385,世一笑話樂翻天,48
SU012-4-0102,南一版新超群國語評量4下,133
XJ-9862801034,朗文國中英語文法練習(基礎篇) 國二,140
F2012-4-02A2,奇鼎國小(南版)數學課堂評量4下,119
XJ-9160009888,朗文全民英檢初級閱讀測驗,272
XQ012-1-01A2,良品國小(南版)國語評量1下,96
CX012-5-0202,翰林版小無敵數學評量5下,140
DV020-704011930999,康軒國中主題閱讀樂園2,203
UC-H299,亞虎0~3歲認知拼圖-圖形拼圖動物,239
FF-CD-3624B,青青36K蕉蕉人畢冊(好友幫),98
FF-CPE-63,青青金屬自動鉛筆-貓行李,60
EG022-BH44,高昇國中直說講義自然(4)翰版,218
CX012-6-0202,翰林版小無敵數學評量6下,133
UFZ-YMP-31,優奇坊便利屋FUN心情熱狗筆,23
FK-E74009,企鵝小飛機聯絡簿,48
UFZ-KNO-16201,優奇坊凱利迪16K橫線筆記-心告訴 特價,20
TU-017302002,成陽漫畫三國志2張飛醉失徐州 三采,200
NC-9789866357275,三暉走到哪玩到哪-麻辣數獨,102
UC-HB012C,亞虎海綿寶寶遊戲身高尺,80
UCT-F03,螢火蟲分類學成語,120
SU020-4718373850288,南一國中英語活力閱讀〔進階篇〕,117
GU-B5107-N1,世一64K精編國語辭典,112
NC-10130736,三暉Food超人寶寶學前注音學-ㄅ,150
R0022-03C2-1,金安國中雙向溝通數學(2)翰版,137
DV022-1-04A5,康軒版國中新命題焦點地理(2),90
SU022-1-04A3,南一版國中點線面全方位地理(2),109
UC-NOT1246E,亞虎BEN10經典圖鑑,96
UC-D0412337,亞虎交通尋寶圖,159
EW-BADNC2,光田國語科學習精華(新版),200
UZ-FF39A0097,幼福九九乘法(左腦右腦練習本),31
SU022-2-02A3,南一版國中學習標竿講義數學(4),296
DV022-1-0304,康軒版國中新挑戰測驗卷英文(2),113
CC020-13C121,漢華國中特色招生模擬試題﹝地理,70
NC-471442620355,三暉彩虹小木琴繪本,464
RUG-21205,捷英社詩詞精選(5),63
UZ-FF39D0153,幼福Hi你好!我是幼幼擦寫書-日常,37
UCT-E47,螢火蟲字音字形全方位訓練(深度),280
SU10-01C-01,南一閱讀桃花源(低1),110
NC-10152515,三暉好玩小麥黏土10色歡樂組,128
CR012-2EA-1,弘碁國小段考試題演練1下-東光,155
AX020-2023182001601,明霖國中練5功歷屆試題﹝英語﹞ 94-102,104
SU022-1-0304,南一版國中新超群百分卷英文(2),109
GU-B3717,世一先修評量卷5-加法減法練習,30
DV022-1-0504,康軒版國中新挑戰測驗卷自然(2),113
UCT-E36,螢火蟲字音字形強化訓練一本通,256
SU10-01C-09,南一閱讀桃花源(高1),110
R0022-02C2-2,金安國中試題篇數學(4)翰版,140
SU012-5-0104,南一版新超群國語百分卷5下,121
UZ-FF69B0327,幼福益智3D立體模型-激戰海陸空,64
2R022-4716413030553,鼎甲版國中良師國文i學習(4)康版,109
NC-10130737,三暉Food超人寶寶學前數字學-123,40
R0020-1106089001026,金安國中會考基精123﹝地理﹞,104
DV012-3-0304,康軒版新挑戰自然測驗卷3下,121
DV012-2-0202,康軒版新挑戰數學評量2下,133
CC022-13H216,漢華國中新師說試題地理(2)康版,94
EG022-BK42,高昇國中直說講義自然(2)康版,195
DV022-3-0501,康軒版國中學習自修自然(6),279
CX022-3-04B2,翰林版國中試題寶典歷史(6),77
XJ-9861548459,朗文全民英檢中級閱讀測驗 試題本,238
NA-084110571,三民國文科歷屆大考試題分類解密,191
EG022-BH32,高昇國中直說講義數學(2)翰版,218
NC-10100273,三暉交通工具.自己做勞作,224
NC-26500034,三暉(紅)0.48筆博士中性筆,44
2M-005,得裕百孝經、千字文與人生必讀,16
CX112-6-0201,翰林版(部編)數學自修6下,257
XQ012-2-02C2,良品國小(翰版)數學評量2下,112
CX-4716413960515,翰林版國小形音義小達人第1輯,128
DV012-4-0404,康軒版新挑戰社會測驗卷4下,121
CX012-3-0101,翰林版小無敵國語自修3下,335
JS-8R03,五南四書,323
R2-20546519,進達握筆練習器(大),10
UFZ-YRE-61B,優奇坊B&W大學仕15CM洞洞尺(白,11
NC-10130735,三暉Food超人寶寶學前字母學-ABC,40
DV012-4-0104,康軒版新挑戰國語測驗卷4下,121
UZ-FF72B0009,幼福趣味卡通慣性車(警車),72
GU-B3840,世一123運筆練習,30
GU-B603003,世一小種籽紅包袋-紅色 (4入),120
R0020-1221006001016,金安國中多功能綜合閱讀1,94
NA-957142829,三民皇冠英漢辭典(革新版),298
TU-0110012082,成陽我哭喔 小兵,112
UCT-E44,螢火蟲字音字形競賽題目大觀2 修訂版,266
VT-PB0926,協昌旭立螢彩舒握自動鉛筆(特價),80
CAU-0361000801,紅螞蟻翻譯句型800 N學習,153
DV022-2-0501,康軒版國中學習自修自然(4),323
CX012-2-0101,翰林版小無敵國語自修2下,294
CAU-15701056,紅螞蟻遠走的想像 有鹿,255
RUG-21303,捷英社閱讀精選(3),63
TU-017505001,成陽科學實驗王1 酸鹼中和 三采,224
NC-9789862233214,三暉三十六計,159
SU12-01-4,南一國語字詞習寫4下,72
CX012-6-0103,翰林版小無敵國語講義6下,133
XQ012-6-02A4,良品國小活潑數學測驗卷6下 (南版),91
UC-D0412345,亞虎3歲我要貼形狀,79
SU012-2-0201,南一版新超群數學自修2下,320
UCT-C04,螢火蟲修辭學習單(1),144
DV012-1-02A6,康軒版數學手繕卷1下〔教用〕,45
TU-140006645,成陽世界歷史探險套書第五輯 三采,840
NU-SPE-54B,三瑩USE ME頂尖筆(黑),23
FF-CST-137B,青青DIY裝飾娃娃泡泡貼(Travel),30
UZ-FF199D0202,幼福亞森羅蘋一本通(新版),199
GU-Q16006,世一迴力迅雷警車(82片),149
CAU-03610061,紅螞蟻高中常用7000字(升大學必) 學習,187
CX022-2-0401,翰林版國中新無敵自修社會(4),351
R0020-1302029001020,金安國中統領考前30天英語科(全),143
AX020-2023176004298,明霖國中主題式90-102歷屆試題 原價1220元,429
NC-18500295,三暉光之美少女超夢幻著色本(桃),48
UC-C34002,亞虎我的第一本貼紙遊戲書ABC 3-6,40
FF-CN-3209A,青青32K生活美學(年度月計畫),30
CX022-1-0302,翰林版國中試題寶典英文(2),140
CR012-2E-4,弘碁國小段考試題演練4下-大港,155
GB-K14,上人減法教室(1),112
XQ012-2-02A4,良品國小活潑數學測驗卷2下 (南版),98
F2012-3-04C2,奇鼎國小(翰版)社會課堂評量3下,112
CX112-4-0203,翰林版(部編)同步數學講義4下,140
CX022-2-04C2,翰林版國中試題寶典公民(4),90
UZ-FF29A0081,幼福彩色塗鴉著色本-三隻小豬.天,31
1J-003,博文史前冰原奇幻探險,800
XJ-9160009837,朗文全民英檢中級聽力測驗 學習本,323
SU012-3-0101,南一版新超群國語自修3下,292
DV012-1-0304,康軒版新挑戰生活測驗卷1下,109
SU012-2-0302,南一版新超群生活評量2下,140
CX-4716413963042,翰林版國小反覆計算百分百2下,65
XJ-9160009845,朗文全民英檢中級閱讀測驗 學習本,298
UC-CI089,亞虎潛能開發1-基礎運筆2~3歲,71
F2012-2-02B2,奇鼎國小(康版)數學課堂評量2下,119
UC-I050-45-1,亞虎3Q幼幼認知貼紙書-美味的食,40
TU-1400045031,成陽博物館驚奇大冒險1 三采,224
R2-JSE-25,九達文青小春聯裝飾貼(黃),23
GU-BA063,世一國語文競賽100分基礎篇,224
UZ-FF40B0018,幼福湯瑪士貼紙B款(2合1貼紙),38
DV012-5-0204,康軒版新挑戰數學測驗卷5下,217
DV022-3-0502,康軒版國中百試達自然(6),133
SU012-5-0204,南一版新超群數學百分卷5下,121
SU022-1-0203,南一版國中點線面全方位數學(2) 實力+進階,226
SU012-3-0102,南一版新超群國語評量3下,129
SU012-5-0102,南一版新超群國語評量5下,129
R0022-03BB-2,金安國中雙向溝通歷史(4)康版,84
RUG-20012,捷英社小學生每日一文中年級(2),120
FF-CZ-041,青青8色旋轉金蔥筆(特價),49
SU022-1-0504,南一版國中新超群百分卷自然(2),109
NC-4714426803584,三暉寶寶最愛的摩牙布-我的玩具,176
R2-JPE-36A,九達文青頂尖筆(銀),23
DV012-1-0301,康軒版新挑戰生活自修1下,250
SU012-4-0104,南一版新超群國語百分卷4下,121
SU022-3-04B3A,南一版國中學習標竿講義歷史(6),109
UZ-FF96A0019,幼福幼兒智能啟蒙系列-心算練習,96
RM020-DD16A,教育國文第8堂成語樂園,140
SU12-G-1,南一一起Fun寒假1年級,468
GU-C678301,世一Hello Kitty123練習本,48
FF-CPS-33,青青人體工學不沾膠剪刀(藍銀),44
1G-4718395008001,百世智力測驗第三集-新,176
AX012-4-01B2,明霖國小(康版)國語課堂評量4下,384
DV012-3-0204,康軒版新挑戰數學測驗卷3下,121
SU012-3-04A5,南一版社會作業簿3下〔教用〕,45
UFZ-KNR-100100B,優奇坊原想生活100K牛皮上翻空白,19
DV022-2-0204,康軒版國中新挑戰測驗卷數學(4),339
GU-B3185-1,世一運筆描一描,40
EW-BAGNE3,光田升國中能力先修-英語(新版),224
CX012-5-0304,翰林版小無敵自然學習卷5下,121
XJ-9160010428,朗文英檢贏家策略─初級閱讀測驗,224
TU-0110001080,成陽小四愛作怪之老子來了 小兵,176
CX012-4-0302,翰林版小無敵自然評量4下,126
SU012-3-0201,南一版新超群數學自修3下,335
EW-CH5-6B,光田奧林匹克幼兒數學5-6歲,104
r2-20634156,進達百樂滑力筆0.38-黑,30
SU012-5-0301,南一版新超群自然自修5下,250
UC-QFK10A,亞虎迪士尼學習六面拼圖,120
CX032-2-0101,翰林版高中無敵國文(4) A+B,323
XQ012-4-01A2,良品國小(南版)國語評量4下,112
RC022-2-0503,建弘國中活用講義自然理化(4) 南+康翰版,187
SU020-4718373850639,南一國中閱讀全攻略,117
SU012-6-0203,南一版點線面數學講義6下,191
R0022-04A3-1,金安國中735輕鬆讀英語(2)南版,125
EG112-5-0205A,高昇(部編)數學作業簿5下 〔教用〕,45
EW-BMAN22,光田數學題型舉一反三2年級下-新,144
RU-9320711,金音6MM紙帶-金銀星星,19
UC-C34008,亞虎我的第一本貼紙遊戲書顏色形 3-6,40
CAU-0360300902,紅螞蟻英文字源入門(書+MP3) N學習,238
SU022-3-04B3,南一版國中點線面全方位歷史(6),72
MMS-01-07,戴森攜帶型萬用手機座(紫色),399
UZ-A152040,幼福手腦訓練IQ球,188
EG022-BN44,高昇國中直說講義自然(4)南版,211
RC022-3-0503,建弘國中活用講義自然理化(6) 南+康翰版,98
SU022-2-0502,南一版國中會考王自然(4),126
DV022-3-04C5,康軒版國中新命題焦點公民(6),86
CX020-4716413130512,翰林國中3800應用題彙編﹝國文﹞,259
CX012-1-0103,翰林版小無敵國語講義1下,133
UFZ-YPC-906,優奇坊便利屋立體球球筆袋 原價160元,218
GU-BA007,世一數學反覆計算練習一年級,120
GU-B5203,世一ACME學生英漢字典,160
SU012-6-0201,南一版新超群數學自修6下,335
SU032-1-0203,南一版高中點線面講義數學(2),277
VT-TU1-8868,協昌細感搖搖筆,15
DV022-2-0401,康軒版國中學習自修社會(4),323
GU-B2388,世一巧手摺紙,48
EG012-3-02A2,高昇國小(南版)數學評量3下,126
UZ-FF56B0008,幼福迪士尼掛圖-好吃水果,56
1C-SS02007,寶宏競技疊杯單杯-黃色,60
HDX-A0010,蔡坤龍幼兒資優大全-大班(4),158
DV020-704041900699,康軒國中搶分王英語新必學文法,218
1C-SS12110,寶宏競技疊杯(單人組)-綠,713
CX020-4716413130048,翰林國中歷屆基測試題〔自然〕 94~102年,150
F2012-3-03A2,奇鼎國小(南版)自然課堂評量3下,112
2T-4200905100416,大成重點數學(4上),80
SU030-4718373985003,南一版大考複習週計畫生物(上),204
CX020-4716413131021,翰林國中贏戰基測題庫﹝國文﹞,210
SU012-1-0201,南一版新超群數學自修1下,320
TU-0110016018,成陽雲遊四海變變變 小兵,152
GU-C606006,世一HelloKitty九九乘法立體學,60
DV012-3-02A5,康軒版數學作業簿3下〔教用〕,45
XQ012-4-04A2,良品國小(南版)社會評量4下,105
TE-OJ349,晨光成語故事閱讀能力學習中(3),36
NU-SST-29A,三瑩彩印便利貼組(鬍子),45
C1-07804009,宏寶兒女英雄傳 東方,119
NA-957144982,三民精解英漢辭典,432
EW-CH2-3B,光田奧林匹克幼兒數學2-3歲,104
CR012-JM-2,弘碁國小段考試題演練2下-文元,155
CX032-1-03A2,翰林版高中試題挖挖哇英文(2) 三民版,145
1G-4718395005697,百世徹底反覆應用(國一),152
1G1-AKN0001,博碩這個答案你知道嗎?世界遺產 亞洲篇,152
UC-NOT0190Q,亞虎神奇寶貝超級貼貼畫6,48
XQ012-4-02A4,良品國小活潑數學測驗卷4下 (南版),98
R0022-03CB-2,金安國中雙向溝通歷史(4)翰版,94
52-9789866813030,政大悅讀8寶週(低2)快樂看故事2,72
AX012-1-02B2,明霖國小(康版)數學課堂評量1下,288
RUG-21204,捷英社詩詞精選(4),63
GU-B02104,世一兒歌同樂會CD,48
RUG-20114,捷英社出口成章(低4),128
DV012-4-0402,康軒版新挑戰社會評量4下,119
XW030-9789574585762,龍騰高中搶救國文大作戰,372
NC-10152454,三暉歡樂抱抱球-紅色小丑魚,96
CX012-5-0302,翰林版小無敵自然評量5下,140
FW-FD09080,晴天透明長型萬用筆袋,60
SU12-G-5,南一一起Fun寒假5年級,72
GU-C606001,世一Hello Kitty 123(立體掛圖),60
R0022-04B2-1,金安國中735輕鬆讀數學(2)康版,91
XQ012-1-03B2,良品國小(康版)生活評量1下,98
CX012-3-0301,翰林版小無敵自然自修3下,250
SU012-4-0204,南一版新超群數學百分卷4下,121
CC020-13C104,漢華國中會考ING複習講義﹝歷史,240
TU-0110019002,成陽我會寫日記 小兵,184
DV022-3-0105,康軒版國中新命題焦點國文(6),172
EG012-3-02C2,高昇國小(翰版)數學評量3下,108
RC010-9789867211811,建弘旗開得勝小四數學題庫(下),98
UFZ-YSL-18B,優奇坊B&Wcool學人2B/HB兩用筆蕊,30
FF-CST-129A,青青手帳裝飾貼(日期篇),13
CX022-2-04A3,翰林版國中教學式講義地理(4),109
DV012-6-02A7,康軒版數學重點複習6下〔教用〕,50
DV022-2-05A3,康軒版國中麻辣講義自然(4),281
DV031-1-05C1,康熹版高中百試達基礎生物(上) 高一,234
EG022-AH32,高昇國中段層掃描數學(2)翰版,257
F2012-3-02B2,奇鼎國小(康版)數學課堂評量3下,119
SU10-01C-02,南一閱讀桃花源(低2),110
RC022-2-0203,建弘國中活用講義數學(4)綜合版 翰康南適用,210
DV022-3-04C3,康軒版國中學習講義公民(6),85
SU12-G-3,南一一起Fun寒假3年級,180
R2-JPC-72B,九達蝦米郎筆袋(黑),143
CX012-1-01A6,翰林版國語手繕卷1下〔教用〕,45
SU022-1-04C3,南一版國中點線面全方位公民(2),109
SU012-5-0201,南一版新超群數學自修5下,301
2M-001,得裕經典小書詩詞精選一,16
CX022-3-0103,翰林版國中教學式講義國文(6),211
EG012-2-02A4,高昇國小多元數學測驗卷2下 (南版),105
DV022-1-0202,康軒版國中百試達數學(2),133
RUG-20123,捷英社出口成章(中3),128
CX012-6-0302,翰林版小無敵自然評量6下,140
RUG-20001,捷英社小學生每日一文低年級(1),120
FF-CP-70,青青400字稿紙-Practical系列,8
CX020-4716413111245,翰林國中三段試詩詞曲,179
2T-3200905060322,大成成語故事(中乙),45
TU-3530010231,成陽卓越能力成語3年級(1),48
S1-DPAA254B,南寶米妮精裝資料本,150
EG112-4-0202,高昇國小(部編)數學評量4下,108
NC-10152109,三暉Food超人磁性認知ㄅㄆㄇ,104
SU022-1-05A3,南一版國中學習標竿講義自然(2),296
NC-4714426803614,三暉幼兒創意迷你貼紙書-交通,79
SU012-4-0105,南一版國語作業簿4下,45
SU012-1-0101,南一版新超群國語自修1下,335
R2-JN-1659B,九達MIMIMAMA16K定頁筆記本(黑),23
DV022-2-0404,康軒版國中新挑戰測驗卷社會(4),113
FK-E74010,企鵝小猴子英文聯絡簿,168
CR012-V1-3,弘碁國小段考試題演練3下-賢北,155
VT-OPP-2,協昌OPP膠帶2*90CM,30
SU12-01A-4,南一國語課本4下,90
R0021-03B2-1,金安國中雙向溝通數學(1)康版,164
SU20-4718373770944,南一版國中自然生物圖表通鑑,172
TV-AN441,成信圖像式發音故事-拼讀練習本1,127
EG012-5-02A4,高昇國小數學多元測驗卷5下 (南版),105
UFZ-YKE-08,優奇坊B&W原創主義美工刀(黑),19
2M-003,得裕經典小書詩詞精選三,16
XQ012-6-03A2,良品國小(南版)自然評量6下,105
DV020-704081925121,康軒國中94~102基測試題本﹝社會,150
UZ-FF64A0070,幼福蠟筆先生系列-神奇圓圓貼(5.,64
GU-BA078,世一國小作文100分高年級,160
DV022-2-02A3,康軒版國中麻辣講義數學(4),281
NC-10155888,三暉動物聲音繪本,159
DV022-2-04A5,康軒版國中新命題焦點地理(4),75
SU022-1-0104,南一版國中新超群百分卷國文(2),109
RC010-9789866459443,建弘旗開得勝小一數學題庫(下),120
HDX-E0023-03,蔡坤龍幾何王三年級(學校用書),128
UZ-FF39A0099,幼福啟蒙123(左腦右腦練習本),31
SU012-6-0101,南一版新超群國語自修6下,335
CX012-1-0205,翰林版數學作業簿1下,55
UC-I050-45-6,亞虎3Q幼幼認知貼紙書-農場的動,40
CR010-E05,弘碁國中升私中模擬試題滿分袋,101
R0012-5-02B2,金安國小(康校)數學評量5下,112
SU022-2-0504,南一版國中新超群百分卷自然(4),109
GB-K13,上人加法列車(3),112
EG12-V02,高昇寒假雙想抱(數學.語文)2年級,44
TE-OJ350,晨光成語故事閱讀能力學習中(4),27
DV022-3-04C2,康軒版國中百試達公民(6),70
UCT-D16,螢火蟲小學語文快易通(5),128
XQ012-4-02A2,良品國小(南版)數學評量4下,112
NC-10155898,三暉我的幼幼認知有聲學習書II,319
XQ012-6-04A2,良品國小(南版)社會評量6下,210
F2012-5-02B2,奇鼎國小(康版)數學課堂評量5下,85
NC-18504354,三暉SHINKANSEN新幹線乖寶寶著色,40
RC020-9789865841218,建弘活用會考複習講義﹝數學科﹞ 5-6冊,75
22032-1-0101,東大版自學手冊國文(2) 高職,319
RUG-201321,捷英社兒童文學故事(3) 高年級,98
UCT-D51,螢火蟲晨間勵志讀本(3),176
R0022-02B5-1,金安國中試題篇自然(2)康版,133
TC-BC260,春暉哈哈書套26.0公分6入,26
DV012-3-0203,康軒版新挑戰麻辣數學講義3下,172
UFZ-YNCP-30B,優奇坊戀戀花草幸福證件帶(紅),26
SU012-4-0404,南一版新超群社會百分卷4下,121
SU022-1-0404,南一版國中新超群百分卷社會(2),109
SU10-01A,南一資優國語訓練贏,189
SU022-2-03A3,南一版國中學習標竿講義英文(4),308
GU-C672594,世一喜羊羊發明王圓圓貼,48
FF-CN-6401A,青青64K點點東康功能性手冊(藍綠,17
DV022-1-0404,康軒版國中新挑戰測驗卷社會(2),102
EW-BDMNK,光田國小數學推理訓練幼稚園中班,114
TU-0690019125,成陽農場的瘋狂事件 三之三,180
CC022-13H217,漢華國中新師說試題地理(4)康版,78
UZ-FF39A0103,幼福1~50連連看(左腦右腦練習本),31
SU022-2-0204,南一版國中新超群百分卷數學(4),98
VT-TA7525,協昌筆樂修正帶,23
R0012-5-02A2,金安國小(南校)數學評量5下,112
CX020-4716413138822,翰林國中贏戰基測題庫﹝地理﹞,133
CQ022-9789866539022,華普縱橫天下國中資優數學(2),172
DV012-5-0201,康軒版新挑戰數學自修5下,335
CX022-2-0102,翰林版國中試題寶典國文(4),140
CX112-5-0204,翰林版(部編)數學學習卷5下,121
R2-JGC-94A,九達燙金卡片-MIMIMAMA生日,15
EW-BADNS2,光田數學科學習精華(新版),150
UC-CI089-3,亞虎潛能開發4-迷宮遊戲2~4歲,71
XQ012-1-02A4,良品國小活潑數學測驗卷1下 (南版),98
CX-96331,翰林版國小WIN數學高手1年級,224
UC-D0413327,亞虎特殊車小百科,102
NC-10155889,三暉交通聲音繪本,159
CX012-6-0104,翰林版小無敵國語學習卷6下,121
UFZ-YPC-963A,優奇坊HAPPY DAYS好樣筆盒(藍),45
RUG-20112,捷英社出口成章(低2),104
SU022-3-04A3A,南一版國中學習標竿講義地理(6),109
SU012-6-0401,南一版新超群社會自修6下,250
CC022-13H234,漢華國中新師說試題歷史(2)翰版,86
GU-B02107,世一英文童謠CD,48
CR012-2E-5,弘碁國小段考試題演練5下-大港,155
UZ-FF96A0011,幼福幼兒智能啟蒙系列-認識ㄅㄆ,192
CX012-5-0402,翰林版小無敵社會評量5下,140
FF-CN-3211A,青青32K life多功能(年度月計畫),30
R0020-1106029001024,金安國中會考基精123﹝英語﹞,195
UFZ-YRE-60B,優奇坊B&W大學仕15CM寬尺(白,23
SU20-04A-1,南一版國中中國地理圖表通鑑,195
DV012-5-02A7,康軒版數學重點複習5下〔教用〕,45
CX-4716413963103,翰林版國小反覆計算百分百5下,96
R2-21502316-2,進達三菱UM-151中性筆0.38(藍),36
VT-RX1-1368-1,協昌巨倫考試專用中性筆0.38(藍),23
CX-96314,翰林版國小數學解題百分百2年級,112
UZ-FF72B0010,幼福趣味卡通慣性車(火車),50
EG012-5-02A5,高昇(南版)數學作業簿5下,60
GU-B4724,世一交通工具主題秀(30片),96
F2022-3893601246673,奇鼎國中愛讀生物(2)翰版,109
CC020-13C115,漢華國中特色招生模擬試題﹝國文,135
CX-96337,翰林版國小WIN數學高手4年級,182
EG020-8007,高昇國中直說複習測驗(1-6冊) 8K,315
CAU-01732002,紅螞蟻少年漢文帝 宇河,254
CC020-13O104,漢華國中前進103基測題本﹝數學 定價200元,100
CX030-4716413777113,翰林版高中學測新導向〔公民〕,353
FF-CGC-128C,青青太空喵喵禮尚往來萬用卡(LO),16
UC-QFS02B,亞虎公主系列幼幼拼圖B,96
CX-96333,翰林版國小WIN數學高手2年級,224
R2-21700303,進達PLUS606修正機6mm,49
UC-D0412246,亞虎6歲動腦練習,55
R0020-1106119001026,金安國中會考基精123﹝地科﹞,91
2T-1201005180660,大成高效能數學6年級(新版),144
SU012-3-0204,南一版新超群數學百分卷3下,121
SU022-2-0201,南一版國中超群新幹線數學(4),351
EG012-5-02B4,高昇國小數學多元測驗卷5下 (康版),105
TU-1400071522,成陽科學實驗王22 地球的演變 三采,224
XQ012-3-02C4,良品國小活潑數學測驗卷3下 (翰版),105
RUG-200911,捷英社啟蒙閱讀訓練教材(低1) (學萌),120
FT-Z3005A,前程數學解題訣竅(5)文章題,160
RUG-20113,捷英社出口成章(低3),128
CX-4716413111528,翰林國中日日讀形音義,85
CX-4716413963066,翰林版國小反覆計算百分百3下,78
RUG-70032,捷英社國中中學生每日一文(2),168
1J-004,博文ROBOT KITTY,3450
GU-B2384,世一笑話大集合,48
CX-96075,翰林版國小閱讀小達人(高1),104
F2112-6-0202,奇鼎國小(部編)數學課堂評量6下,112
R0022-03CC-2,金安國中雙向溝通公民(4)翰版,94
TU-1400074507,成陽啊哈!圖解影響世界的52件歷 三采,239
DV022-2-04C3,康軒版國中學習講義公民(4),94
XQ012-3-03A2,良品國小(南版)自然評量3下,105
SU012-3-0405,南一版社會作業簿3下,45
CC020-13C116,漢華國中特色招生模擬試題﹝數學,120
CX012-5-0301,翰林版小無敵自然自修5下,218
R2-23101320-4,進達節奏B-103自動中性筆0.4-黑,8
R0022-02C5-1,金安國中試題篇自然(2)翰版,133
SU012-6-0104,南一版新超群國語百分卷6下,121
GB-G61,上人練習123,56
XQ012-1-01C2,良品國小(翰版)國語評量1下,96
FF-CBN-237B,青青50K英倫格紋資料卡夾(藍),75
DV012-6-0101,康軒版新挑戰國語自修6下,301
CX012-6-0205,翰林版數學作業簿6下,55
XQ112-5-0202,良品國小(部編)數學評量5下,112
NA032-1-0301,三民版高中英文自學手冊(2) A+B,330
GB-C26,上人資優數學6一年級,96
CX022-3-05A3,翰林版國中超級翰將講義自然(6),215
CX020-4716413118091,翰林國中贏家世界地理圖表大探索,173
EG021-AK31,高昇國中段層掃描數學(1)康版,246
NU-SDM-142C,三瑩2014鐵塔牛奶皮跨年手冊(米) 特價,89
FT-Z07022,前程IQ智力測驗一年級(下),105
GU-C602301,世一寶石寵物著色畫(附色筆),144
DV022-1-04C2,康軒版國中百試達公民(2),78
DV020-704081926121,康軒國中會考精選基測試〔社會〕,126
GU-B3834,世一連線與著色1-50,30
RUG-200914,捷英社啟蒙閱讀訓練教材(低4) (學萌),120
SU022-2-0103,南一版國中點線面全方位國文(4),226
SU022-2-0101,南一版國中超群新幹線國文(4),351
FT-Z07023,前程IQ智力測驗二年級(上),105
1G-4718395007103,百世字詞達人四年級,85
GU-B2468-1,世一我愛ABC(掛圖),31
DV022-1-03A3,康軒版國中麻辣講義英文(2),281
DV012-3-03A5,康軒版自然作業簿3下〔教用〕,45
R0022-04B5-2,金安國中735輕鬆讀自然(4)康版,109
TU-1400072706,成陽媽媽不是我的傭人 三采,208
R2-65013038-2,進達華麗保護模標籤3023(藍框),23
NC-10152612,三暉三角鉛筆HB,79
EG022-CN42,高昇國中試題王自然(2)南版,133
NC-26500008,三暉藍色U-Pen自動鉛筆0.5,48
VT-A-1258,協昌巨倫考試+商務中性筆0.5-藍,23
F2022-3893607255549,奇鼎國中課堂精華集歷史(2)南版,90
SU10-01D-03,南一看故事學成語(低3),73
CX112-4-0201,翰林版(部編)數學自修4下,304
SU112-5-0201,南一(部編)數學自修5下,270
SU10-J-4,南一版國、數總複習套書+基本字 彙SUPER1200,400
UC-D0412327,亞虎玩貼紙-3歲我要貼顏色,79
CR012-GA-1,弘碁國小段考試題演練1下-石門,155
SU022-1-0103,南一版國中點線面全方位國文(2),226
DV022-2-0201,康軒版國中學習自修數學(4),335
DV022-2-04B3,康軒版國中學習講義歷史(4),94
EG020-B048,高昇國中考前30天﹝自然﹞,144
NC-10155253,三暉兒童一定要讀的國學-論語,159
1G-4718395007509,百世數學一貫通講義(二)-1,176
XJ-9160009853,朗文全民英檢中級寫作測驗 學習本,221
CX012-3-0104,翰林版小無敵國語學習卷3下,121
CX020-4716413137016,翰林國中贏戰基測五月天﹝自然﹞,218
UFZ-YMP-33,優奇坊COOL風格自動鉛筆,15
CX012-4-0301,翰林版小無敵自然自修4下,224
UZ-FF69B0330,幼福益智3D立體模型-激戰海陸空,64
TC-BC306,春暉哈哈書套30.6公分4入,26
DV012-6-01A7,康軒版國語重點複習6下〔教用〕,50
SU022-3-05A3,南一版國中學習標竿講義自然(6),468
SU022-3-0101,南一版國中超群新幹線國文(6),-273
CX022-3-0101,翰林版國中新無敵自修國文(6),294
1G-4718395002986,百世魔法小作家(中年級)-新,152
F2012-4-01B2,奇鼎國小(康版)國語課堂評量4下,119
GU-B3842,世一運筆ㄅㄆㄇ,30
DV012-2-0101,康軒版新挑戰國語自修2下,335
XQ012-5-02A2,良品國小(南版)數學評量5下,112
XQ012-3-02A4,良品國小活潑數學測驗卷3下 (南版),84
DV012-1-0102,康軒版新挑戰國語評量1下,133
EG112-5-0204,高昇(部編)數學多元測驗卷5下,105
FT-Z04003,前程國中綜合智力測驗大破解,200
JS-1X3Z,五南國文科如何考，大考作文如何,238
CR012-HR-4,弘碁國小段考試題演練4下-慈濟,155
XQ012-3-02B4,良品國小活潑數學測驗卷3下 (康版),98
CC020-13C118,漢華國中特色招生模擬試題﹝理化,90
EG020-R028,高昇國中94~102全集歷屆試題﹝英,143
GU-B9855,世一奧林匹克小學舉一反三五年級,160
XQ012-2-01A2,良品國小(南版)國語評量2下,96
XJ-9160009861,朗文全民英檢中級口說測驗 學習本,238
RC010-9789867211057,建弘旗開高年級資優數學講義上,175
TU-0690019185,成陽三隻母雞和孔雀 三之三,203
UC-20100021,亞虎數學評量卷-國小先修(5-7歲),40
CX022-2-0304,翰林版國中新無敵測驗卷英文(4),102
GU-B2141,世一ABC作業簿,24
AX012-1-01C2,明霖國小(翰版)國語課堂評量1下,112
R2-42101024,進達手牌10號訂書機,34
TU-017110001,成陽雨林冒險王1-雲豹的怒吼 三采,224
CX012-2-0104,翰林版小無敵國語學習卷2下,121
FF-CPE-59,青青自動鉛筆-Choice,19
RUG-20201,捷英社小學生古詩100首(上),1080
XQ012-6-02A2,良品國小(南版)數學評量6下,96
CX022-2-04B2,翰林版國中試題寶典歷史(4),90
CX022-3-03A3,翰林版國中超級翰將講義英文(6),772
UCT-E45,螢火蟲字音字形全方位訓練(基礎),240
GU-Q14010,世一工程吊車模型組,200
EW-BMAN20,光田數學題型舉一反三2年級全-新,264
FT-Z03014,前程中年級數學應用問題專輯(下),224
DV022-3-04B3,康軒版國中學習講義歷史(6),101
UC-I050-36,亞虎嬰幼兒睡前小故事-生活故事,40
GU-B6125,世一123,72
VT-TU-8556,協昌粉彩長尾夾2/1,2
DV022-2-0205,康軒版國中新命題焦點數學(4),150
DV020-704041926121,康軒國中會考精選基測試〔英語〕,91
UCT-E22,螢火蟲字音字形訓練日記新編(下),210
CC022-13A217,漢華國中達陣講義自然(4)康版,156
R0020-1106039001021,金安國中會考基精123﹝數學﹞,188
SU012-1-0104,南一版新超群國語百分卷1下,121
EG012-1-02C2,高昇國小(翰版)數學評量1下,126
CX022-2-0104,翰林版國中新無敵測驗卷國文(4),113
F2012-1-02C2,奇鼎國小(翰版)數學課堂評量1下,119
CX012-4-03A5,翰林版自然作業簿4下〔教用〕,45
NA032-1-0101,三民版高中國文自學手冊(2) A+B,372
SU012-3-0304,南一版新超群自然百分卷3下,121
EG012-2-02C2,高昇國小(翰版)數學評量2下,126
XQ012-2-02B4,良品國小活潑數學測驗卷2下 (康版),98
GU-C605271,世一奶油獅動物圓圓貼,48
NC-10154225,三暉數學故事繪本5-解救公主 1書+1CD,96
GU-C606318,世一可愛貼紙18(維尼),15
VT-TU1-1001,協昌筆樂中性筆GP1001黑,15
FT-Z01041,前程成語時光機(1),120
CX020-4716413130529,翰林國中3800應用題彙編﹝英語﹞,270
FF-CSP-77,青青16K 80P超厚26孔活頁紙,29
S1-PBB5013B,南寶時尚輕便袋(藍),38
CX012-3-0304,翰林版小無敵自然學習卷3下,121
DV012-6-03A7,康軒版自然重點複習6下〔教用〕,75
VT-VTEJZ1-12,協昌金黃公文封(12K),15
R0020-1106099001023,金安國中會考基精123﹝歷史﹞,104
CC020-13C122,漢華國中特色招生模擬試題﹝公民,70
1G-4718395007530,百世數學一貫通講義(三)-2,143
F2012-6-04B2,奇鼎國小(康版)社會課堂評量6下,96
UCT-9789866372742,螢火蟲美德新幹線6-幸福三街,176
NA-957145341,三民全民英檢中級模擬試題 附解析及CD,383
VT-TU-8552,協昌粉彩長尾夾1 4/3,21
1G-4718395006878,百世徹底反覆計算(二)-新,104
SU022-2-0501,南一版國中超群新幹線自然(4),351
CX022-3-0203,翰林版國中教學式講義數學(6),163
DV022-1-04A2,康軒版國中百試達地理(2),78
CX012-4-0404,翰林版小無敵社會學習卷4下,105
AX020-2023185001806,明霖國中練5功歷屆試題﹝社會﹞ 94-102,140
GU-C605039,世一奶油獅42片拼圖(開心市集),64
1G-4718395007905,百世三段式數學特訓問題(三)-新,154
DV022-3-0102,康軒版國中百試達國文(6),133
R0022-03C1-2,金安國中雙向溝通國文(4)翰版,172
GU-B1899-9,世一寶貝悅讀成語,159
R2-21700301,進達PLUS604修正機4.2mm,49
SU012-4-0101,南一版新超群國語自修4下,335
CC022-13A214,漢華國中達陣講義數學(2)康版,195
SU112-4-0201,南一(部編)數學自修4下,281
XQ012-4-03B2,良品國小(康版)自然評量4下,105
AX012-4-01C2,明霖國小(翰版)國語課堂評量4下,96
TU-581A024023,成陽GOOD BABY#03:Pcc Pcc 小東西圖,200
SU012-4-0201,南一版新超群數學自修4下,301
CX022-2-0101,翰林版國中新無敵自修國文(4),315
F2012-4-03B2,奇鼎國小(康版)自然課堂評量4下,112
UC-D0413323,亞虎超震撼甲蟲王,159
DV022-3-0505,康軒版國中新命題焦點自然(6),143
NC-10132048,三暉海洋與天文-新版兒童十萬個,102
CC020-13O103,漢華國中前進103基測題本﹝英語 定價200元,100
FF-CDN-188B,青青2014 16K左3右4(紅),119
VT-OPP-1.8-2,協昌OPP膠帶1.8CM,11
R0022-03A3-1,金安國中雙向溝通英文(2)南版,179
EG022-CK44,高昇國中試題王自然(4)康版,133
HDX-B0034-03,蔡坤龍推理智力測驗大全(3年級) 新版,200
UC-RB008D,亞虎迪士尼公主動動小手(進階篇),64
UZ-FF56B0003,幼福迪士尼掛圖-可愛動物,56
DV012-3-0201,康軒版新挑戰數學自修3下,301
DV012-4-02A5,康軒版數學作業簿4下〔教用〕,45
CX022-2-0503,翰林版國中教學式講義自然(4),226
XE-092158,聯冠找不到校長 天下雜誌,195
UFZ-YNR-1849B,優奇坊B&W經典學人18K線圈筆記白,60
CX012-1-0202,翰林版小無敵數學評量1下,133
XE-053589,聯冠空中英語教室第1期+MP3 SUP,198
HDX-A0009,蔡坤龍幼兒資優大全-大班(3),158
DV012-4-0102,康軒版新挑戰國語評量4下,421
SU022-3-03A3,南一版國中學習標竿講義英語(6),265
FF-CDM-123A,青青2014 50K每日一頁(精裝深咖),129
GU-B2467,世一注音符號ㄅㄆㄇ,29
EW-BNCM2B,光田數學智力綜合測驗2年級(修訂,216
SU022-1-0101,南一版國中超群新幹線國文(2),351
UZ-FF72B0008,幼福趣味卡通慣性車(跑車),72
EG020-R058,高昇國中94~102全集歷屆試題﹝社,124
CX020-4716413117179,翰林國中贏家公民圖表大探索,179
GU-BA013,世一數學反覆應用練習一年級,120
GU-C5174,世一全民英檢必背單字2000,119
CX012-4-0201,翰林版小無敵數學自修4下,301
CX-4716413963011,翰林版國小反覆計算百分百1上,80
DV022-1-0501,康軒版國中學習自修自然(2),335
SU12-G-4,南一一起Fun寒假4年級,108
SU012-4-0203,南一版點線面數學講義4下,172
AX012-5-02C2,明霖國小(翰版)數學課堂評量5下,96
FW-BP2577B,晴天海洋布16K空白筆記,19
SU012-3-0203,南一版點線面數學講義3下,191
NC-10130467,三暉FOOD超人Baby認知-美味食物,68
GU-B3848,世一時間與錢幣,30
UZ-FF49A0779,幼福公主著色本-絢麗花仙子,48
XQ012-4-03A2,良品國小(南版)自然評量4下,105
CX020-4716413111306,翰林國中日日讀名言典語,125
EW-BAHA8,光田升國中入學評量(國數自英),224
F2012-6-02A2,奇鼎國小(南版)數學課堂評量6下,102
DV020-704041925121,康軒國中94~102基測試題本﹝英語,128
S1-DPCB301C,南寶迪士尼30cm溝引尺,23
XQ012-6-02B4,良品國小活潑數學測驗卷6下 (康版),98
UZ-FF39D0158,幼福寶寶視覺焦點-彩色視覺遊戲,39
1G-4718395100705,百世資優班入學國語特訓80回,144
HDX-A0012,蔡坤龍幼兒資優大全-大班(6),158
UFZ-KNR-3612C,優奇坊凱利迪36K PP厚筆記,29
VT-TU1-919,協昌極速919油性筆-紅,8
NC-31903003,三暉全世界都在做的200個科學實,238
UZ-FF39B00423,幼福3D立體貼貼樂(兔子),40
R2-22200833,進達O.B.238自動中性筆0.38,11
CX-17005,翰林版升私中資優班社會入學攻略 (5.6年級),184
CX012-4-0102,翰林版小無敵國語評量4下,140
CX022-2-0203,翰林版國中教學式講義數學(4),226
CAU-0883000502,紅螞蟻全民英檢初級口說(第三版 書林,170
DX-002,新光影城電影票,630
EG020-Q058,高昇國中94~102精選歷屆試題﹝社,105
R0030-1511059001027,金安升大學專攻學測複習講義化學,240
R0022-04A5-2,金安國中735輕鬆讀自然(4)南版,109
TU-017102009,成陽神秘洞窟大冒險 三采,224
TV-AM231,成信免背式發音練習本1 師德,169
TU-1400045034,成陽超級機器人大作戰2 三采,224
F2012-3-04B2,奇鼎國小(康版)社會課堂評量3下,96
CX012-1-0101,翰林版小無敵國語自修1下,328
NC-26500004,三暉U-Pen免削鉛筆專用替芯HB,20
GU-B3188-1,世一減一減，剩多少?,40
CX020-4716413118183,翰林國中贏家中國地理圖表大探索,173
FF-CST-130C,青青手帳裝飾貼(生活篇)-香蕉樂,13
UT-4712364826085,義昌國語作業簿(低),9
TC-BC300,春暉哈哈書套30.0公分4入,26
DV012-6-02A1,康軒版新挑戰數學自修6下+魔力數 特價,399
CX012-5-0401,翰林版小無敵社會自修5下,250
SU012-1-0202,南一版新超群數學評量1下,140
R2-20633011,進達百樂G-1中性筆,23
FT-Z01008,前程國語文推理智力測驗8中年級,126
CX012-3-0203,翰林版小無敵數學講義3下,133
GU-C606317,世一可愛貼紙17(維尼),15
R2-JGC-95C,九達文青卡-醒日快樂,26
UCT-D04,螢火蟲標點符號好幫手,160
UC-DA008D,亞虎朵拉幼幼拼圖,96
22-EX04-1,朵多英文作業簿,15
NA030-278064864,三民高中國文推薦選文-速讀30 不分售,303
F2012-5-03B2,奇鼎國小(康版)自然課堂評量5下,96
SU012-3-0404,南一版新超群社會百分卷3下,121
S1-DPCS1367A,南寶維尼環保直式畫冊,128
UC-D0412370,亞虎幼兒多元智能開發-數學3~4歲,55
FT-Z04004,前程圖形智力測驗大破解,192
SU112-5-0204,南一(部編)數學百分卷5下,84
FF-CDM-116D,青青2014牛皮書衣年度手冊(電話),75
RC010-9789866119057,建弘旗開得勝小四數學課後講義下 適康版,85
R0030-1511039001023,金安升大學專攻學測複習講義數學 不分售,312
R010-9789862330333,金安出口成章中年級(3),96
CX022-3-04B3,翰林版國中教學式講義歷史(6),85
GU-B3721,世一先修評量卷9-多元數學練習,30
DV022-3-0203,康軒版國中學習講義數學(6),195
SU012-3-0104,南一版新超群國語百分卷3下,121
SU012-3-0401,南一版新超群社會自修3下,208
EG012-3-02B5,高昇(康版)數學作業簿3下,45
CX032-1-04A1,翰林版高中無敵地理(2),255
DV012-3-0404,康軒版新挑戰社會測驗卷3下,121
FF-CME-15,青青布質精裝單字卡,34
SU012-2-0204,南一版新超群數學百分卷2下,121
R2-23101320,進達節奏B-103自動中性筆0.4-藍,8
UFZ-KNO-25045,優奇坊凱利迪25K橫線筆記-羊羊得 特價,15
RUG-201012,捷英社週末閱讀(低2),80
EG012-4-02B5,高昇(康版)數學作業簿4下,45
GU-BA0102,世一語文評量100分(低2),176
FF-CPS-45,青青摺疊剪刀-Choice,19
CC020-10I101,漢華國中成語學堂(1),140
DV022-1-02A3,康軒版國中麻辣講義數學(2),270
CX012-6-0404,翰林版小無敵社會學習卷6下,121
DV012-3-0102,康軒版新挑戰國語評量3下,140
UFZ-YNR-5030UB,優奇坊B&W學人橫線上翻筆記(白),34
NC-10130462,三暉FOOD超人Baby認知方塊書-ABC,68
CX-4716413960645,翰林版國小語文小達人4年級,128
UC-NOT0175B,亞虎機甲貼貼畫2,48
DV022-1-0307,康軒版國中聽力測驗英語CD(2),130
RUG-20014,捷英社小學生每日一文中年級(4),120
CX-96315,翰林版國小數學解題百分百3年級,104
R0020-1302089001022,金安國中統領考前30天社會科(全),158
GU-B3856,世一親子塗鴉本,30
SU10-02C-5,南一版國小數學進階應用5年級,124
UZ-FF199D0264,幼福2歲baby建立語言認知 8書+28卡,199
UFZ-YKS-16B,優奇坊便利屋夢想家三層印章,49
RUG-20002,捷英社小學生每日一文低年級(2),120
SU022-2-04C2,南一版國中會考王公民(4),86
FT-Z07021,前程IQ智力測驗一年級(上),105
SU031-1-0203,南一版高中點線面講義數學(1),209
R0020-1221103001018,金安國中語文戲谷(二) 國二、三,109
UCT-D33,螢火蟲天天閱讀(低年級下),128
R2-21700305,進達PLUS605修正內帶5mm,30
XJ-9861542191,朗文英文正確用法指引(3) 國三,180
R0022-03BC-1,金安國中雙向溝通公民(2)康版,94
GU-C605102,世一奶油獅我會123,45
GU-B3715,世一先修評量卷3-大班國語習寫,30
CX012-3-0403,翰林版小無敵社會講義3下,133
SU012-3-0301,南一版新超群自然自修3下,224
155-008,播種者經典小書6之論語(下),16
CR012-ZV-2,弘碁國小段考試題演練2下-復興,139
EG012-3-02A4,高昇國小數學多元測驗卷3下 (南版),105
CX020-4716413130055,翰林國中歷屆基測試題〔社會〕 94~102年,124
SU012-6-0301,南一版新超群自然自修6下,250
1G-4718395006434,百世A+數學講義小二第二期,96
UC-I100-3,亞虎智慧貼紙書-培養想像力,80
GU-B9859,世一奧林匹克小學數學考前特訓3,88
GU-B4711,世一可愛動物,79
GB-K16,上人幼幼迷宮2-3-4歲,120
DV022-3-02A3,康軒版國中麻辣講義數學(6),281
TU-017102019,成陽勇闖宇宙大冒險2 三采,224
R0030-1511029001026,金安升大學專攻學測複習講義英文,323
SU022-2-0304,南一版國中新超群百分卷英文(4),109
R0022-04C2-3,金安國中735輕鬆讀數學(6)翰版,98
FT-Z01009,前程國語文推理智力測驗9高年級,126
SU10-02B-5,南一版國小數學精熟計算5年級,117
CX-96079,翰林版國小閱讀小達人(中3),128
R0022-03BA-1,金安國中雙向溝通地理(2)康版,94
2M-002,得裕經典小書詩詞精選二,16
GU-B2383,世一動腦大作戰,48
GU-C605104,世一奶油獅我會運筆,45
R2-JPC-71B,九達羽毛系列PVC考試筆袋(黑),56
SU012-4-04A5,南一版社會作業簿4下〔教用〕,45
FF-CD-3251CG,青青32K追夢計畫讀書手札(藍綠),165
EG020-R018,高昇國中94~102全集歷屆試題﹝國,143
1G-4718395007684,百世國中數學必考題型總匯-國二,120
NU-SD-36267B,三瑩Mika&Nana友情紀念冊(藍),98
GU-B1899-7,世一寶貝悅讀三字經,159
SU012-1-0304,南一版新超群生活百分卷1下,121
F2022-3893607255518,奇鼎國中課堂精華集地理(2)南版,90
FF-CKE-16K,青青美工刀(黑)-貓行李,15
UCT-E43,螢火蟲字音字形競賽題目大觀1 修訂版,266
NU-SFS-33B,三瑩USE ME 32K月/週日記手帳(黑,83
UFZ-YPC-810,優奇坊長形III筆袋(黑),75
UC-D0412355,亞虎幼兒多元智能開發-美勞2~3歲,55
DV022-1-0104,康軒版國中新挑戰測驗卷國文(2),113
CX020-4716413130024,翰林國中歷屆基測試題〔英語〕 94~102年,383
FW-AF1125,晴天俏皮19K學生墊板,19
UFZ-KNO-16200,優奇坊凱利迪16K橫線筆記-夢幻花 特價,20
SU022-2-0102,南一版國中會考王國文(4),140
UC-RCE02,亞虎迪士尼公主奇趣圓圓貼,80
CX012-3-03A5,翰林版自然作業簿3下〔教用〕,45
EG012-3-02C4,高昇國小數學多元測驗卷3下 (翰版),105
CR012-A2-2,弘碁國小段考試題演練2下-麻豆,155
GU-B2774,世一交通工具嵌入板,79
DV012-6-0104,康軒版新挑戰國語測驗卷6下,121
DV022-3-0201,康軒版國中學習自修數學(6),279
EG112-6-0201,高昇國小(部編)數學自修6下,204
22-NB02,朵多家庭聯絡簿 進步報告,175
GU-C606319,世一可愛貼紙19(維尼),15
R2-20634120-10,進達百樂Juice果汁中性筆0.38黑,53
GU-BA037,世一強化成語能力百分百(低),144
CX020-4716413137627,翰林國中贏戰基測題庫﹝生物﹞,112
CX112-6-0204,翰林版(部編)數學學習卷6下,121
UC-DA037,亞虎繽紛彩色磁性畫板,336
1C-SS12107,寶宏競技疊杯(單人組)-粉紅 Neon Pink,713
SU022-3-0501,南一版國中超群新幹線自然(6),304
EW-BTMN1B,光田數學能力統整講義1年級(修訂,264
R0020-1302019001023,金安國中統領考前30天國文科(全),143
FF-CDM-115A,青青2014 50K精緻皮套年度(淺咖),149
UFZ-KNR-6412D,優奇坊凱利迪64K PP厚筆記,19
VT-NU2G5-10,協昌COX訂書針N.10(特價品),8
1U-4718395004560,百揚作文快易通(五下)-學校版,80
SU10-02B-3,南一版國小數學精熟計算3年級,117
DV022-2-0103,康軒版國中學習講義國文(4),215
HDX-B0077-5,蔡坤龍歷屆數學競賽試題五年級 新版(25~34屆),161
CX-4716413963080,翰林版國小反覆計算百分百4下,96
R010-9789862330340,金安出口成章中年級(4),96
UFZ-KNR-100100A,優奇坊原想生活100K牛皮上翻空白,19
CX012-5-0203,翰林版小無敵數學講義5下,172
CX022-2-04A2,翰林版國中試題寶典地理(4),90
TU-0110016020,成陽我ㄐ一ㄡˋ是帥 小兵,184
NC-26500032,三暉(紅)0.38筆博士中性筆,44
DV022-2-0203,康軒版國中學習講義數學(4),195
NC-31905007,三暉32cm(燈光)雙語對照地形行政,1860
GU-BA086,世一超優數學(三下),88
UFZ-YPC-954A,優奇坊便利屋童話部屋筆帶-藍,135
TU-0690019141,成陽小蟲蟲的金牌夢 三之三,203
52-9789866813078,政大成語星光幫(中3)呆呆的烏龍 事件簿[三部曲],96
CX022-1-0201,翰林版國中新無敵自修數學(2),351
R2-JME-45,九達蝦米郎尖尾折梳,23
DV022-2-0502,康軒版國中百試達自然(4),128
F2012-6-01B2,奇鼎國小(康版)國語課堂評量6下,119
CX020-4716413111566,翰林國中日日讀成語通,218
CX022-3-04C2,翰林版國中試題寶典公民(6),77
R2-JPC-76A,九達文青上翻筆袋(灰),158
JS-3AA5,五南英語8500字決勝!,408
UZ-FF39A0093,幼福國字練習(左腦右腦練習本),88
DV012-1-0204,康軒版新挑戰數學測驗卷1下,121
R2-JN-1649A,九達熱氣球橫格厚本定頁(熱氣球),38
UA022-3-04C5C,野馬國中公民作業簿(6)翰版,47
CR012-VU-2,弘碁國小段考試題演練2下-信義,139
NC-10100272,三暉恐龍王國.自己做勞作,224
HDX-B0077-4,蔡坤龍歷屆數學競賽試題四年級 新版(25~34屆),161
FF-CER-34,青青掀蓋修正帶-心動(特價),50
DV020-704051925121,康軒國中94~102基測試題本﹝數學,105
GU-C678201,世一KT開心的一天貼紙拼拼書,48
R010-9789862330357,金安出口成章高年級(1),78
R0022-04C1-2,金安國中735輕鬆讀國文(4)翰版,98
V2-9789868323643,現代國中理化測驗全,263
CX032-1-0101,翰林版高中無敵國文(2),323
NA-957144422,三民Vocabulary2001-4000隨身讀,170
CX012-3-0204,翰林版小無敵數學學習卷3下,121
GU-B9758,世一實用易學成語(高手篇),176
GB-K36,上人九九乘法(1),112
CAU-01616013,紅螞蟻流傳千年的北歐神話故事 知青,238
FW-ZP0260,晴天光彩雙面色紙100入,45
RUG-70033,捷英社國中中學生每日一文(3),192
DV012-5-0405,康軒版社會作業簿5下,85
CX-96071,翰林版國小閱讀小達人(低1),104
AX012-2-01A2,明霖國小(南版)國語課堂評量2下,480
NU-SPC-221B,三瑩純色系夾心筆袋(黑),135
TC-BC280,春暉哈哈書套28.0公分5入,79
XQ012-5-03C2,良品國小(翰版)自然評量5下,93
1G-4718395007981,百世智力測驗第一集-新,176
R010-9789862330319,金安出口成章中年級(1),78
CX012-2-0203,翰林版小無敵數學講義2下,112
FW-HG01060A,晴天方型小掛鎖,45
UC-QFF08E,亞虎公主亮亮六面拼圖,144
TE-OJ347,晨光成語故事閱讀能力學習中(1),36
CAU-03614050,紅螞蟻初級英檢公佈字彙 學習,144
CX012-3-0402,翰林版小無敵社會評量3下,140
CAU-0883000901,紅螞蟻全民英檢中級寫作(第二版),240
TU-1400072702,成陽跟好朋友道歉的勇氣 三采,208
SU022-2-04C3,南一版國中點線面全方位公民(4),109
CC022-13H219,漢華國中新師說試題歷史(4)康版,86
GU-C5142,世一25K最新活用成語辭典,368
DV022-2-0104,康軒版國中新挑戰測驗卷國文(4),113
CX032-2-04A2,翰林版高中試題挖挖哇地理(4),119
CX-4716413960553,翰林版國小形音義小達人第3輯,104
FF-CBG-175B,青青蕉蕉人手提袋(Love you),26
UZ-FF39A0095,幼福1~100數字(左腦右腦練習本),31
SU022-2-0303,南一版國中點線面全方位英文(4),242
TU-017304007,成陽日本尋寶記 三采,224
UCT-H17,螢火蟲舞動作文思想的(哲理篇)上,184
GU-BA064,世一國語文競賽100分進階篇,224
SU10-01C-04,南一閱讀桃花源(低4),110
SU022-1-02A3,南一版國中學習標竿講義數學(2),296
JS-1XBS,五南滿分作文，聰明得分關鍵,298
SU012-5-0302,南一版新超群自然評量5下,140
NU-SW-37,三瑩手作系列蕾絲緞帶組,45
SU022-3-0502,南一版國中會考王自然(6),221
NU-SW-34,三瑩手作系列木製餐具組(湯+叉),14
DV012-3-0301,康軒版新挑戰自然自修3下,224
GU-B2386,世一笑話一籮筐,48
CX020-4716413119197,翰林國中贏家中國歷史圖表大探索,173
R0020-1106049001028,金安國中會考基精123﹝理化﹞,137
DV012-2-0304,康軒版新挑戰生活測驗卷2下,121
DV012-4-0401,康軒版新挑戰社會自修4下,224
GU-B9755,世一六年級數學科總復習,104
SU-0D05,南一Q教學樂套餐D5-國中,2980
UFZ-YMP-45B,優奇坊便利屋三角橡擦自動鉛筆紅,23
CX-96088,翰林版國小成語小達人(中4),136
UC-RCA03,亞虎亮晶晶公主貼畫,64
UC-D0412393,亞虎公主魔法衣櫥,102
SU012-4-0202,南一版新超群數學評量4下,148
CX-96341,翰林版國小WIN數學高手6年級,224
F2-NA1082,奇鼎版國小KO數學模擬題本,117
FW-SA13125A,晴天晴天娃畢業紀念冊,94
FF-CDN-200B,青青2014 100K透雙色日曆手冊,29
CX022-2-0305,翰林國中英語課文朗讀CD(4),117
CX032-1-04B2,翰林版高中試題挖挖哇歷史(2),128
UZ-FF69B0329,幼福益智3D立體模型-激戰海陸空,64
2T-1200805140119,大成高效能數學1年級,112
FW-FD09049,晴天霧面萬用筆盒,37
DV012-2-0201,康軒版新挑戰數學自修2下,335
EG112-5-0202,高昇國小(部編)數學評量5下,126
DV012-5-0402,康軒版新挑戰社會評量5下,119
UC-NOT0374B,亞虎ADVENTURE TIME找不同,48
DV022-2-04C2,康軒版國中百試達公民(4),75
UCT-B50,螢火蟲贏在作文素材,196
UFZ-YMP-41,優奇坊便利屋lucky life三角免削,14
DV012-3-0104,康軒版新挑戰國語測驗卷3下,121
CX020-4716413133025,翰林國中贏戰基測題庫﹝數學﹞,182
R2-JN-16855B,九達蝦米郎168K筆記(黑),19
FW-PV6002,晴天DIY自畫貼紙,90
XQ012-3-02B2,良品國小(康版)數學評量3下,96
R2-70101621-2,進達飛龍0.5芯C205(HB),34
EG012-6-02B5,高昇(康版)數學作業簿6下,45
NC-26500017,三暉紅色U-Pen免削鉛筆HB,44
GU-C608002,世一OPEN!變裝派對著色畫,40
UFZ-YMP-38,優奇坊HAPPY DAYS 大三角自動鉛,15
FF-CST-114F,青青DIY裝飾貼(Patty Time),15
SU012-6-04A5,南一版社會作業簿6下〔教用〕,45
TU-0110001079,成陽香腸班長你欠打之小五皮在癢 小兵,176
AX012-5-01B2,明霖國小(康版)國語課堂評量5下,288
SU012-4-0304,南一版新超群自然百分卷4下,121
CX022-2-03A3,翰林版國中超級翰將講義英文(4),289
RUG-201051,捷英社大家讀弟子規,96
FF-PA-349,青青2孔(粉藍)4*6相本.明信片收,130
XQ012-5-02B2,良品國小(康版)數學評量5下,96
CX012-6-0301,翰林版小無敵自然自修6下,250
CX022-1-0401,翰林版國中新無敵自修社會(2),351
GU-B9862,世一奧林匹克小學數學考前特訓6,72
RUG-20023,捷英社小學生每日一文高年級(3),120
DV022-1-04B3,康軒版國中學習講義歷史(2),113
EW-BHB30,光田國小奧林匹克進階數學3年全,288
CX-96339,翰林版國小WIN數學高手5年級,196
UC-QH033A,亞虎迪士尼公主隨你變萬花筒,102
AX012-5-01A2,明霖國小(南版)國語課堂評量5下,96
UZ-FF144D0064,幼福上天下地看世界-出發去!探索,144
UZ-FF96D0045,幼福幼兒入園準備-剪貼畫(27款),96
UFZ-KNR-1815C,優奇坊凱利迪18K PP厚筆記,49
XQ012-6-04C2,良品國小(翰版)社會評量6下,109
EG020-M068,高昇國中會考考前30分鐘一把抓,252
CX012-4-0202,翰林版小無敵數學評量4下,126
AX012-2-02C2,明霖國小(翰版)數學課堂評量2下,96
CX-17003,翰林版升私中資優班數學入學攻略 (5.6年級),184
GU-B9853,世一奧林匹克數學舉一反三三年級,160
NC-10100264,三暉黏土大全-新編兒童益智手工,79
DV012-6-0401,康軒版新挑戰社會自修6下,224
XQ012-4-01B2,良品國小(康版)國語評量4下,112
UCT-D38,螢火蟲閱讀滿天星(中),128
DV012-2-0301,康軒版新挑戰生活自修2下,224
UFZ-KPB-WS06A,優奇坊原想漫生活WS紙袋,30
FT-Z05004,前程數學怎樣解題,133
UFZ-YNR-10014A,優奇坊B&W大學仕100K左翻筆記(黑,23
CX012-2-0204,翰林版小無敵數學學習卷2下,121
SU012-6-02A5,南一版數學作業簿6下〔教用〕,45
XQ012-4-02B3,良品國小(康版)數學資優講義4下,161
R2-JN-1659A,九達MIMIMAMA16K定頁筆記本(白),23
UZ-FF69B0333,幼福益智3D立體模型-激戰海陸空,64
EG012-1-02A4,高昇國小數學多元測驗卷1下 (南版),105
5Q12-01C,真平閩南語讀本(第2冊)臺羅版CD,90
AX012-4-01A2,明霖國小(南版)國語課堂評量4下,112
SU112-4-0203,南一(部編)數學講義4下,183
EW-BHEE,光田升高中教育會考模擬題本-英,232
GU-B3719,世一先修評量卷7-大班數學測驗,30
NA-957145134,三民英文作文示範,200
CX022-3-0302,翰林版國中試題寶典英文(6),109
XQ012-3-02A2,良品國小(南版)數學評量3下,112
DV012-6-0304,康軒版新挑戰自然測驗卷6下,121
NC-27700301,三暉Kitty立體貼飾,144
GU-C605101,世一奶油獅我會ㄅㄆㄇ,48
UFZ-KC-02C,優奇坊原想漫生活簽名卡(小),38
CR012-1B-1,弘碁國小段考試題演練1下-寶仁,155
DG1-510803,卡士柏國語作業簿-直行本510803,30
CX112-5-0203,翰林版(部編)同步數學講義5下,156
R2-JN-1855A,九達蝦米郎18K活頁筆記(白),60
CX032-1-04C2,翰林版高中試題挖挖哇公民(2),136
DV022-2-0302,康軒版國中百試達英文(4),128
DV012-4-0201,康軒版新挑戰數學自修4下,335
SU012-3-0402,南一版新超群社會評量3下,140
FF-CGC-120G,青青DIY手作縫線萬用卡(限量心意,33
R2-JS-07,九達蝦米郎指甲剪,23
AX012-1-01A2,明霖國小(南版)國語課堂評量1下,288
EG012-2-02B4,高昇國小多元數學測驗卷2下 (康版),105
DV022-2-04A3,康軒版國中學習講義地理(4),113
UFZ-KNR-1815A,優奇坊凱利迪18K PP厚筆記,49
UCT-D39,螢火蟲閱讀滿天星(高),128
CC020-II1201,漢華國中成語學堂(2),140
R2-70100925,進達飛龍自動橡皮擦-紅 ZER80,19
1G-4718395007127,百世字詞達人六年級,85
R0-4717211014936,金安親子天下-閱讀素養.作文學習 (定價128元),99
SU022-3-04B2,南一版國中會考王歷史(6),78
DV012-4-0301,康軒版新挑戰自然自修4下,250
FT-Z01004,前程國語文推理智力測驗4低年級,128
DV020-704041900121,康軒國中搶分王新2000字彙必背書,234
R0022-03B5-2,金安國中雙向溝通自然(4)康版,156
1G-4718395006939,百世徹底反覆應用(二)-新,104
UZ-FF39B00425,幼福3D立體貼貼樂(恐龍),40
UZ-FF199D0198,幼福成語故事一本通(新版),199
RC010-9789867211163,建弘旗開得勝小一數學,160
CX022-1-0204,翰林版國中新無敵測驗卷數學(2),113
DV022-2-0102,康軒版國中百試達國文(4),133
SU-OX13A8,南一教學數學4下多媒體學習光碟,200
CX012-3-0401,翰林版小無敵社會自修3下,224
UC-RC015B,亞虎公主甜心彩色貼貼畫,48
DV012-5-0401,康軒版新挑戰社會自修5下,250
DV022-2-0304,康軒版國中新挑戰測驗卷英文(4),113
XQ012-5-03A2,良品國小(南版)自然評量5下,90
F2012-3-03C2,奇鼎國小(翰版)自然課堂評量3下,96
CAU-08831005,紅螞蟻英檢最前線:初級(第二版),255
SU20-04B-1,南一版國中中國歷史圖表通鑑,195
DV022-3-0303,康軒版國中學習講義英文(6),218
DV022-2-0303,康軒版國中學習講義英文(4),234
UFZ-KNO-16211,優奇坊凱利迪16K橫線筆記-綠的天 特價,20
F2012-2-01A2,奇鼎國小(南版)國語課堂評量2下,119
R0022-03CC-1,金安國中雙向溝通公民(2)翰版,94
1C-SS12104,寶宏競技疊杯(單人組)-紫,713
R2-65010761-3,進達華麗標籤1066(藍框),11
FT-Z01042,前程成語時光機(2),120
EG112-4-0204,高昇(部編)數學多元測驗卷4下,90
CX112-5-0201,翰林版(部編)數學自修5下,273
22W010-0002,點都通國小資優模擬試題-數學 台灣書店,210
VT-GP105-2,協昌筆樂GP105中性筆(黑),23
CX012-5-0403,翰林版小無敵社會講義5下,133
GU-C678302,世一Hello Kitty ㄅㄆㄇ練習本,48
UCT-D21,螢火蟲小學語文快易通(2),128
UFZ-KNO-25037,優奇坊凱利迪25K橫線筆記-心告訴 特價,15
EG022-AN34,高昇國中段層掃描數學(4)南版,515
GU-B2381,世一謎語大挑戰,48
NU-SST-29C,三瑩彩印便利貼組(小紅貓),45
R0030-1511049001020,金安升大學專攻學測複習講義物理,256
CX020-4716413552062,翰林國中橘子講義英文(5~6),70
NU-SD-36268A,三瑩小紅貓紀念冊(白),98
EG012-1-02B4,高昇國小多元數學測驗卷1下 (康版),105
JS-1XBP,五南會考作文拿高分,238
GB-G28,上人塗塗畫畫1,48
DV022-1-0204,康軒版國中新挑戰測驗卷數學(2),102
R0022-03B1-1,金安國中雙向溝通國文(2)康版,137
1J-004A,博文ROBOT KITTY 貴賓票,0
R2-65010761,進達華麗標籤1065(紅框),11
XQ012-4-02C2,良品國小(翰版)數學評量4下,112
CX020-4716413130536,翰林國中3800應用題彙編﹝數學﹞,203
CX032-2-03B2,翰林版高中試題挖挖哇英文(4) 遠東版,126
NC-10152451,三暉幼兒運動遊戲系列-丟丟球,144
UFZ-YSL-18A,優奇坊B&Wcool學人2B/HB兩用筆蕊,15
GB-J06,上人大家來寫123(2),112
CR012-2E-6,弘碁國小段考試題演練6下-大港,155
F2012-1-01A2,奇鼎國小(南版)國語課堂評量1下,119
DV012-4-0304,康軒版新挑戰自然測驗卷4下,121
UZ-FF96D0046,幼福幼兒入園準備-趣味摺紙(40),96
EG022-FK44,高昇國中多元講義自然(4)康版,117
FF-CER-32,青青純粹環保無毒像擦,14
CX022-1-0504,翰林版國中新無敵測驗卷自然(2),113
SU022-2-04B3A,南一版國中學習標竿講義歷史(4),125
SU112-5-0203,南一(部編)數學講義5下,183
GU-B3718,世一先修評量卷6-數量綜合學習,30
R2-20201501,進達雄獅600#奇異筆-黑,11
FW-GD09080,晴天好運抽抽樂,60
EG022-AN36,高昇國中段層掃描數學(6)南版,468
TC-BC265,春暉哈哈書套26.5公分6入,79
R2-JPC-78B,九達文青燒餅包(黑),135
CX022-1-04A3,翰林版國中教學式講義地理(2),109
GU-VF0133,世一魔力貓的超有趣星座書,144
NC-26500003,三暉藍色U-Pen免削鉛筆HB,44
R2-20634120-7,進達百樂Juice果汁中性筆0.38綠,26
CX020-4716413137528,翰林國中贏戰基測題庫﹝地科﹞,113
CX022-3-0501,翰林版國中新無敵自修自然(6),-328
S1-PEA154,南寶加寬保密信封,26
DV022-1-0205,康軒版國中新命題焦點數學(2),179
R0012-6-02A2,金安國小(南校)數學評量6下,224
2R022-4716413017424,鼎甲版國中良師國文講義(2)翰版,179
EW-TGMN12,光田小學數學推理應用1年下,128
CX-39303,翰林國小升私中模擬試題-數學,144
CR012-JM-1,弘碁國小段考試題演練1下-文元,155
2T-0057,大成直式計算題1年級,66
UA022-2-04C5A,野馬國中地理作業簿(4)翰版,47
CX022-1-01A3,翰林版國中超級翰將講義國文(2),289
DV012-5-0404,康軒版新挑戰社會測驗卷5下,121
UA022-3-04C5A,野馬國中地理作業簿(6)翰版,47
UZ-FF79B0382,幼福學習認知遊戲書-ㄅㄆㄇ(革,74
R2-21502089,進達三菱UM-120中性筆-藍,26
UCT-E21,螢火蟲字音字形訓練日記新編(上),240
FW-PG12,晴天小禮卡(12元),9
R0022-03C3-2,金安國中雙向溝通英語(4)翰版,187
CX022-1-0104,翰林版國中新無敵測驗卷國文(2),113
SU012-1-0102,南一版新超群國語評量1下,140
SU022-3-04C3A,南一版國中學習標竿講義公民(6),109
EW-BHB51,光田國小奧林匹克進階數學5年上,156
R2-JPC-76C,九達文青上翻筆袋(咖啡),158
F2012-2-02C2,奇鼎國小(翰版)數學課堂評量2下,119
TU-0110019003,成陽識字真容易 小兵,184
UFZ-KNO-16204,優奇坊凱利迪16K橫線筆記-貓的思 特價,20
CX012-6-0101,翰林版小無敵國語自修6下,301
GU-B3843,世一國字好好寫(一),30
GU-B3847,世一數學智多星,30
CX022-1-0304,翰林版國中新無敵測驗卷英文(2),113
SU022-1-0204,南一版國中新超群百分卷數學(2),109
EG022-CN44,高昇國中試題王自然(4)南版,111
GU-B603001,世一小種籽紅包袋-彩色 (4入),24
2T-0060,大成直式計算題4年級,66
XQ012-5-03B2,良品國小(康版)自然評量5下,105
FF-CME-17,青青木紋單字卡(小)-貓行李,30
TU-1400074609,成陽全民打棒球:會讀會玩!棒球優 三采,239
NC-10152607,三暉兒童大號六角彩色鉛筆,79
DV012-6-0204,康軒版新挑戰數學測驗卷6下,121
CC020-131215,漢華100個最常發問的問﹝自然﹞,135
UFZ-KPB-WS06B,優奇坊原想漫生活WS紙袋,30
CX020-4716413118077,翰林國中贏家台灣地理圖表大探索,130
EG012-1-02B2,高昇國小(康版)數學評量1下,126
155-006,播種者七言律詩新意,28
DV022-1-0203,康軒版國中學習講義數學(2),234
EG012-2-02A2,高昇國小(南版)數學評量2下,117
UT-4712364826092,義昌國語作業簿(中高),18
R2-20445010,進達蜻蜓橡皮擦小,11
VT-GP105,協昌筆樂GP105中性筆(藍),11
SU112-5-0202,南一(部編)數學評量5下,121
F2012-4-01A2,奇鼎國小(南版)國語課堂評量4下,119
GU-C1400-3,世一新編兒童學成語(全套),239
FF-CP-74,青青鋼繩伸縮證件夾-長頸鹿,38
CAU-03610053,紅螞蟻高三英文閱讀測驗 N學習,153
CAU-03612049,紅螞蟻國中會考英語模擬試題1 N學習,80
R0020-1221102001019,金安國中語文戲谷(一) 國一,109
RUG12-31001,捷英社語文、數學一日10題(1) 寒假,40
GU-BA065,世一國語文競賽100分高手篇,224
CX012-3-0202,翰林版小無敵數學評量3下,140
EG020-Q008,高昇國中94~102精選歷屆試題套書 原價750元,339
CAU-01706029,紅螞蟻一本書還原歷史真相 宇河,255
NA030-066028173,三民大考國文得分秘笈-學測篇,191
FF-CPE-60A,青青大三角鉛筆(粉)-長頸鹿,11
CC022-13H236,漢華國中新師說試題地理(2)翰版,86
UC-D0412389,亞虎時尚公主派對,102
SU20-04B-3,南一版國中世界歷史圖表通鑑,195
FF-CPC-43,青青貓行李筆袋(小),55
R0022-03BA-2,金安國中雙向溝通地理(4)康版,78
XJ-05-E4,朗文國民小學English(4)CD*2 NGSK4,128
GU-B3187-1,世一加一加，等於幾?,40
R0022-02B2-1,金安國中試題篇數學(2)康版,148
JS-1AB5,五南情境式創意作文,272
SU022-1-01A3,南一版國中學習標竿講義國文(2),296
EG022-FK32,高昇國中多元講義數學(2)康版,125
TU-3640010001,成陽為愛行腳:在非洲交會的生命 一家親,256
EG012-1-02C4,高昇國小數學多元測驗卷1下 (翰版),105
SU012-6-0402,南一版新超群社會評量6下,140
FK-E74003,企鵝家庭聯絡簿-無尾熊,16
GU-B3814,世一啟蒙ㄅㄆㄇ,30
SU022-1-04C3A,南一版國中學習標竿講義公民(2),125
AX012-3-01C2,明霖國小(翰版)國語課堂評量3下,96
UCT-E41,螢火蟲字音字形競賽闖關勝典 暫不再版,224
R2-21700370,進達PLUS捲軸雙面膠帶4mm,47
FF-CK-68B,青青32K布標隨身家計本(淺咖),75
NU-SPE-54A,三瑩USE ME頂尖筆(灰),23
NC-4714426803638,三暉幼兒創意迷你貼紙書-恐龍,79
DV020-704131501699,康軒國中世界歷史新圖表全集,164
RUG-20013,捷英社小學生每日一文中年級(3),120
CX012-3-0201,翰林版小無敵數學自修3下,320
DV022-1-0105,康軒版國中新命題焦點國文(2),179
FF-CIN-16C,青青鋅合金圓規(藍)-長頸鹿,38
UC-RCB30,亞虎怪獸大學六色蠟筆隨手畫畫冊,80
DV012-5-0101,康軒版新挑戰國語自修5下,335
GU-B2741-4,世一我的第一套台灣旅遊拼圖,159
NU-SST-29D,三瑩彩印便利貼組(貓咪),45
EG012-6-02B2,高昇國小(康版)數學評量6下,126
VT-PB7273,協昌筆樂搖搖自動鉛筆(黑色),15
DV022-3-0401,康軒版國中學習自修社會(6),-252
TU-1400074611,成陽全民打棒球:棒球優等生3 三采,239
TU-017702001,成陽影響一生的18個好習慣 三采,224
DV012-5-0104,康軒版新挑戰國語測驗卷5下,121
EG-C010,高昇中學生大器成語典,250
R0022-03BC-2,金安國中雙向溝通公民(4)康版,78
S1-PC0322D,南寶橫式黑色防水證件套,10
AX012-3-01B2,明霖國小(康版)國語課堂評量3下,112
CX022-1-0202,翰林版國中試題寶典數學(2),117
GU-B02118,世一娃娃床邊故事CD,48
CC022-13H218,漢華國中新師說試題歷史(2)康版,86
XQ012-6-02B3,良品國小(康版)數學資優講義6下,161
r2-20202503-2,進達雄獅ㄅㄆㄇ三角塗頭鉛筆 12支入,45
DV020-704071925121,康軒國中94~102基測試題本﹝自然,150
DV012-5-0301,康軒版新挑戰自然自修5下,224
R2-70103410,進達飛龍橡皮擦(易拭型),9
CX012-1-0102,翰林版小無敵國語評量1下,133
NC-26500016,三暉綠色U-Pen免削鉛筆HB,44
FF-CP-71,青青500字稿紙-Practical系列,8
R2-23101320-1,進達節奏B-103自動中性筆0.4水藍,8
R2-JPE-34,九達中文風原木三角桿鉛筆,30
CR012-S0-3,弘碁國小段考試題演練3下-南安,155
DV012-6-0404,康軒版新挑戰社會測驗卷6下,242
XQ012-3-03C2,良品國小(翰版)自然評量3下,93
SU012-6-02A7,南一版數學隨堂演練6下〔教用〕,75
V2-9789868323698,現代高中數學測驗全,300
R2-21700372,進達PLUS捲軸雙面膠帶8mm,49
NA-957145357,三民全民英檢聽力測驗SO EASY(初,180
HDX-B0077-6,蔡坤龍歷屆數學競賽試題六年級 新版(25~34屆),161
DV012-4-0302,康軒版新挑戰自然評量4下,133
TU-0110014021,成陽小猴王愛耍帥 小兵,133
SU022-2-04B2,南一版國中會考王歷史(4),86
CX-00779,翰林版5~6年級總複習套書-特價 原價690元,450
TC-BC254,春暉哈哈書套25.4公分6入,26
FF-CER-35,青青掀蓋修正帶-貓行李(特價),40
NC-31903007,三暉每天一個益智遊戲,187
CC022-13H231,漢華國中新師說試題數學(2)翰版,125
FF-CST-106D,青青DIY裝飾(北極熊)精緻旅遊泡,30
UFZ-YPC-969B,優奇坊戀戀花草涵泳皮質筆袋(咖),75
CX012-4-0303,翰林版小無敵自然講義4下,112
F2012-1-01B2,奇鼎國小(康版)國語課堂評量1下,119
EW-BAJE,光田升國中私立智優先修-英語,264
R2-23018025-1,進達優點722S螢光筆(藍色),8
NC-10152614,三暉浴室彩繪蠟筆,176
DV022-3-03A3,康軒版國中麻辣講義英文(6),250
GB-J22,上人彩虹畫本(1),112
GU-B3813,世一我愛ABC,30
GU-Q1009,世一管型積木大車拼,479
FF-PA-338,青青創意多用途紙相框,64
NC-10130740,三暉Food超人寶寶學前時鐘學-學,200
DV022-2-0101,康軒版國中學習自修國文(4),301
RUG-70003,捷英社國中語文考突破(3),156
VT-TU1-044-1,協昌筆樂中性筆GP1001紅,15
2T-4201012130228,大成數學應用篇2年級-新,78
DV020-702001553521,康軒3300應用題彙編〔社會〕,254
EW-BHB60,光田國小奧林匹克進階數學6年全,288
CC020-13O102,漢華國中前進103基測題本﹝國文 定價200元,100
TU-0110018003,成陽修煉3-穿越神異界 小兵,288
CX012-6-0102,翰林版小無敵國語評量6下,126
CX022-2-0404,翰林版國中新無敵測驗卷社會(4),113
CX022-2-04B3,翰林版國中教學式講義歷史(4),91
CQ021-9789866539046,華普縱橫天下國中資優數學(1),195
1C-SS12111,寶宏競技疊杯(單人組)-紅,713
CX012-3-0305,翰林版自然作業簿3下,45
F2012-6-01A2,奇鼎國小(南版)國語課堂評量6下,119
1G-4718395006557,百世A+數學講義小二第四期,84
FF-CPE-62,青青歐洲風情國旗筆,19
XQ012-1-02C4,良品國小活潑數學測驗卷1下 (翰版),105
SU012-3-0302,南一版新超群自然評量3下,140
DV022-2-04C5,康軒版國中新命題焦點公民(4),90
CX012-3-01A5,翰林版國語作業簿3下〔教用〕,45
UFZ-YDP-16B,優奇坊便利屋夢想家18K墊板,23
VT-RX1-1329-2,協昌巨倫考試專用中性筆0.5(黑),11
FF-CPE-32,青青Selfishness自動鉛筆,15
TU-1400073803,成陽楓之谷英語神偷3 三采,256
FF-PA-323,青青新生兒相本禮盒(藍),280
TU-1400066431,成陽芬蘭尋寶記 三采,224
TU-1400073507,成陽楓之谷大冒險7:危機重重的墮 三采,224
AX012-4-02A2,明霖國小(南版)數學課堂評量4下,96
F2112-5-0202,奇鼎國小(部編)數學課堂評量5下,112
SU10-01C-03,南一閱讀桃花源(低3),110
NC-31903006,三暉每天一個邏輯遊戲,187
CC022-13A234,漢華國中達陣講義數學(2)翰版,187
CR012-VU-3,弘碁國小段考試題演練3下-信義,139
XE-088794,聯冠狐說八道 小天下,188
CXV-SOFBX-1010,和利信史努比A5風琴夾,128
DV012-4-0202,康軒版新挑戰數學評量4下,140
VT-TU1-6506-2,協昌丞儀自動原子筆(黑)特價,5
EG020-B038,高昇國中考前30天﹝數學﹞,158
UC-RCD02,亞虎公主我的第一本神奇水彩貼畫,80
TE-OJ352,晨光成語故事閱讀能力學習高(2),27
SU022-2-01A3,南一版國中學習標竿講義國文(4),247
CX012-4-0101,翰林版小無敵國語自修4下,301
2R022-4716413030416,鼎甲版國中良師國文i學習(2)翰版,109
GU-B3852,世一ㄅㄆㄇ四聲練習,30
CC-08L108,漢華小菁英數學模擬題本,40
HDX-B0077-2,蔡坤龍歷屆數學競賽試題二年級 新版(25~34屆),173
CX022-2-0103,翰林版國中教學式講義國文(4),226
UZ-I244003,幼福小丑動物工程車,704
AX020-2023171001803,明霖國中主題式歷屆試題﹝國文﹞ 90-102,135
CX-17007,翰林版升私中模擬試題套書-特價 原價460元,300
CX020-4716413119098,翰林國中贏家世界歷史圖表大探索,179
TU-4100004044,成陽小茶壺 阿布拉,280
UZ-FF128D0064,幼福橋樑書-我家有個小精靈,128
SU012-5-0101,南一版新超群國語自修5下,292
XQ012-5-02B3,良品國小(康版)數學資優講義5下,150
SU20-04A-2,南一版國中台灣地理圖表通鑑,156
DV022-2-04B5,康軒版國中新命題焦點歷史(4),75
GU-C00350-1,世一敲敲樂積木組,210
R2-JBC-30B,九達2014O-CAT跨年年度桌曆-藍,75
SU022-1-0503,南一版國中點線面全方位自然(2),226
GU-B2109-1,世一猜謎大王,31
UFZ-KNO-16205,優奇坊凱利迪16K橫線筆記-熊天空 特價,20
CX012-4-0304,翰林版小無敵自然學習卷4下,121
R2-20710354,進達免削2B鉛筆粗芯,8
CX020-4716413111399,翰林國中經典文言文即時通,148
R2-20201501-2,進達雄獅600#奇異筆-紅,23
CX-96078,翰林版國小閱讀小達人(低4),128
UFZ-YPC-907,優奇便利屋ENJOY LIFE筆袋(特價) 原價160元,89
XJ-9160009934,朗文全民英檢初級聽力測驗 試題本,224
UFZ-YMP-25,優奇坊B&W專利抗壓自動鉛筆,19
DV022-1-04B5,康軒版國中新命題焦點歷史(2),90
CR012-VU-1,弘碁國小段考試題演練1下-信義,139
CX020-4716413130031,翰林國中歷屆基測試題〔數學〕 94~102年,120
UZ-FF96A0025,幼福幼兒潛能開發系列-123,1536
R2-JPE-29A,九達中文風頂尖筆(銀色),23
DV012-5-0102,康軒版新挑戰國語評量5下,126
UCT-9789866372841,螢火蟲美德新幹線9-長髮小善人,176
VT-TU1-044,協昌筆樂中性筆GP1001藍,8
EW-BAJE2,光田升國中私立智優先修-英語(修,231
EG112-5-0201,高昇國小(部編)數學自修5下,238
CR012-V1-6,弘碁國小段考試題演練6下-賢北,155
MMS-01-04,戴森攜帶型萬用手機座(黃色),399
TC-BC270,春暉哈哈書套27.0公分6入,53
GE-82008,仕耕數學作業簿8格,20
UCT-D56,螢火蟲一步一步學閱讀,144
GU-B3815,世一讀寫ㄅㄆㄇ,28
R0022-03A2-1,金安國中雙向溝通數學(2)南版,164
JS-1A19,五南多功能實用成語辭典(精),383
52-9789868256644,政大悅讀8寶週(低1)快樂看故事1,96
UFZ-YMP-44A,優奇坊便利屋夢想家三角免削(藍),14
GB-J23,上人彩虹畫本(2),112
R0022-03B2-1,金安國中雙向溝通數學(2)康版,137
NA032-1-04B1,三民版高中歷史自學手冊(2),234
DV012-3-0305,康軒版自然作業簿3下,45
R2-21700302,進達PLUS605修正機5mm,47
UFZ-YGW-08B,優奇坊便利屋好樣小白膠(紅),15
JS-1AB0,五南作文好撇步,298
CX022-3-0303,翰林版國中教學式講義英文(6),163
DV022-3-0301,康軒版國中學習自修英文(6),280
FF-CGC-122,青青小確幸生活萬用卡補充包,26
CX022-3-0202,翰林版國中試題寶典數學(6),125
SU022-2-0202,南一版國中會考王數學(4),117
UZ-FF69B0328,幼福益智3D立體模型-激戰海陸空,64
R0022-0105-3,金安國中新講義自然(6),164
R2-JPC-76B,九達文青上翻筆袋(黑),158
S1-DPCF06,南寶迪士尼娃娃包裝紙,19
1G-4718395008131,百世徹底反覆應用(六)-新,104
CC022-13H237,漢華國中新師說試題地理(4)翰版,94
SU022-3-01A3,南一版國中學習標竿講義國文(6),240
GU-BA050,世一活力成語100分二年級,42
CX012-2-0202,翰林版小無敵數學評量2下,133
CX032-2-04C2,翰林版高中試題挖挖哇公民(4),105
NC-10132047,三暉植物與地球-新版兒童十萬個,102
R2-20201512,進達雄獅800#超細奇異筆(藍),15
UZ-FF39A0273,幼福我愛我家貼貼樂-我會自己做,40
EG020-Q018,高昇國中94~102精選歷屆試題﹝國,98
DV012-5-02A5,康軒版數學作業簿5下〔教用〕,35
GU-B3829,世一拼音培訓,30
DV012-6-04A6,康軒版社會手繕卷6下〔教用〕,45
TU-017505002,成陽科學實驗王2 牛頓運動定律 三采,196
DV022-1-0102,康軒版國中百試達國文(2),133
CX012-3-0102,翰林版小無敵國語評量3下,140
CX012-1-0302,翰林版小無敵生活評量1下,133
CX020-4716413111160,翰林國中悅讀大哥大(1),210
CX032-1-0201,翰林版高中無敵數學(2),323
DV012-4-01A7,康軒版國語重點複習4下〔教用〕,50
EW-BAHA6,光田升國中入學評量(國數自智),224
TU-1400062A,成陽百萬小學堂套書(1-3冊) 三采,478
CX012-3-02A5,翰林版數學作業簿3下〔教用〕,45
CX-96083,翰林版國小成語小達人(低1),88
SU012-6-0102,南一版新超群國語評量6下,133
AX012-6-02A2,明霖國小(南版)數學課堂評量6下,96
XQ012-2-01C2,良品國小(翰版)國語評量2下,112
NC-4714426803607,三暉幼兒創意迷你貼紙書-公主,79
R010-9789862330326,金安出口成章中年級(2),96
TU-1400072704,成陽日行一善的搗蛋鬼 三采,208
VT-RX1-1368-2,協昌巨倫考試專用中性筆0.38(黑),11
GU-C605107,世一奶油獅我會拼音,45
AX020-2023183001204,明霖國中練5功歷屆試題﹝數學﹞ 94-102,78
GU-B79901,世一驚喜貼紙包,104
1C-SS12106,寶宏競技疊杯(單人組)-酷藍,713
CX012-6-0203,翰林版小無敵數學講義6下,126
DV012-3-0302,康軒版新挑戰自然評量3下,133
R2-JGC-94C,九達燙金卡片-真心在此,15
XQ012-3-03B2,良品國小(康版)自然評量3下,90
AX012-1-02C2,明霖國小(翰版)數學課堂評量1下,112
R2-JPE-35,九達蝦米郎大三角鉛筆,34
UZ-FF96A0001,幼福幼兒智能啟蒙系列-運筆練習,96
F2022-3893607255570,奇鼎國中課堂精華集公民(2)南版,90
DV012-5-0203,康軒版新挑戰麻辣數學講義5下,172
CX032-2-04B2,翰林版高中試題挖挖哇歷史(4),105
EG022-BK24,高昇國中直說講義英語(4)康版,211
TU-1400070221,成陽輕鬆複習就有好成績的25個讀 三采,224
SU022-1-0201,南一版國中超群新幹線數學(2),351
DV022-2-0202,康軒版國中百試達數學(4),133
NC-26500018,三暉紫色U-Pen免削鉛筆HB,44
GE-85002,仕耕弟子規,16
GB-C27,上人資優數學7一年級,96
NC-4714426203520,三暉有趣小麥黏土4色經典組(綠色,100
SU10-02B-1,南一版國小數學精熟計算1年級,117
CX-96084,翰林版國小成語小達人(低2),88
CX-17001,翰林版升私中資優班國語入學攻略 (5.6年級),184
GU-B2496,世一國字練習簿,12
XQ012-1-02A2,良品國小(南版)數學評量1下,96
AX2-NS080100,美樂蒂New Smart(8)課本,160
UC-D0413334,亞虎Wow!自然大驚奇-危險動植物,100
TU-1400071810,成陽雨林冒險王10-擬態專家 三采,224
UA022-3-04C5B,野馬國中歷史作業簿(6)翰版,47
RC010-9789867567789,建弘旗開得勝小二數學,184
R0022-03A1-1,金安國中雙向溝通國文(2)南版,164
SU20-04A-3,南一版國中世界地理圖表通鑑,163
XQ012-3-01C2,良品國小(翰版)國語評量3下,112
RUG-20011,捷英社小學生每日一文中年級(1),120
UCT-E40,螢火蟲永遠不再寫錯字,160
F2012-2-01C2,奇鼎國小(翰版)國語課堂評量2下,119
CAU-16603001,紅螞蟻被天堂遺忘的孩子 樂果,289
CX012-2-0201,翰林版小無敵數學自修2下,304
TU-017102014,成陽昆蟲世界歷險記2 三采,224
GU-C678041,世一Hello Kitty熱鬧生日會拼圖,96
FT-Z01021,前程原來如此說成語(一),135
CX022-3-0301,翰林版國中新無敵自修英文(6),312
DV022-1-04C5,康軒版國中新命題焦點公民(2),90
R0020-1106109001029,金安國中會考基精123﹝公民﹞,104
FF-CDM-112A,青青2014 32K雙線木紋年度(咖),119
TU-1400079320,成陽20-32分之32的奇蹟班上的每 三采,256
EG020-Q028,高昇國中94~102精選歷屆試題﹝英,98
NC-27700003,三暉世界立體地形圖,120
GU-B5123-2,世一32K最新國語辭典,208
NC-18500294,三暉光之美少女超夢幻著色本(粉),48
CX022-1-02A3,翰林版國中超級翰將講義數學(2),289
UC-CI089-10,亞虎潛能開發11-心算練習5~6歲,71
UFZ-KNO-16208,優奇坊凱利迪16K橫線筆記-HELLO 特價,20
R2-70101621-1,進達飛龍0.5芯C205(B),34
R2-20204001,進達雄獅膠水,9
DV012-6-0102,康軒版新挑戰國語評量6下,140
EG112-6-0204,高昇(部編)數學多元測驗卷6下,90
UCT-E14,螢火蟲字音字形訓練百分百(上下) 不分售,350
R2-21502089-2,進達三菱UM-120中性筆-黑,26
XQ012-1-02B2,良品國小(康版)數學評量1下,112
CX-4716413395034,翰林新無敵國語辭典(藍),384
CX012-4-0104,翰林版小無敵國語學習卷4下,121
SU022-3-04A3,南一版國中點線面全方位地理(6),86
FF-CSE-53,青青A4郵寄氣泡牛皮紙袋,75
RC020-9789865841164,建弘活用會考複習講義﹝數學科﹞ 1-4冊,225
SU022-3-0203,南一版國中點線面全方位數學(6),756
CX112-4-0202,翰林版(部編)數學評量4下,140
2M-0041,得裕弟子規與三字經(新版),16
SU022-2-04B3,南一版國中點線面全方位歷史(4),91
EG022-BH42,高昇國中直說講義自然(2)翰版,195
DV020-104011930496,康軒國中搶分王常用成語特訓,192
CX012-4-0103,翰林版小無敵國語講義4下,133
RM020-9789867290366,教育國中國文閱讀領航進階篇,234
DV020-704121516121,康軒國中麻辣會考複習﹝公民科﹞ 103,263
CR012-JM-3,弘碁國小段考試題演練3下-文元,155
XE-280645,聯冠觀念化學1-基本概念.原子 天下,340
UZ-FF39A0275,幼福我愛我家貼貼樂-好忙的媽媽,40
SU022-3-0102,南一版國中會考王國文(6),133
GU-B02119,世一品德故事集CD,48
UCT-E35,螢火蟲字音字形競賽排行榜一本通,216
FF-CR-44,青青和風圓形迷你捲尺,26
CAU-03610050,紅螞蟻文法句型180 N學習,187
155-001,播種者經典小書6之論語(上),16
EG112-6-0202,高昇國小(部編)數學評量6下,126
FT-F02008,前程難題剋星(8)乘法公式多項式,133
TU-1400075112,成陽數學解題王5:學習冷靜思考， 三采,224
R0020-1108021001019,金安國中輔導講義1~2冊﹝英語﹞ 雙向溝通,1176
R2-21502538,進達三菱UMR-1替換芯0.38--藍,26
NC-4714426203513,三暉有趣小麥黏土4色經典組(藍色,100
VT-TU-8554,協昌粉彩長尾夾1,40
JS-3DD1,五南圖解國中基測理化 書泉,255
EG022-AK34,高昇國中段層掃描數學(4)康版,257
SU-OU0006,南一14k基本字彙1200(聽力光碟 口袋版,200
DV022-1-0306,康軒版國中聽力測驗英語(2),85
FF-CR-43,青青30CM三合一折疊定規尺,23
CX022-2-0504,翰林版國中新無敵測驗卷自然(4),113
NA-957144368,三民關鍵片語800,191
SU10-J-3,南一版新超群智力性向測驗廣場,99
F2012-1-02A2,奇鼎國小(南版)數學課堂評量1下,119
CAU-0883000402,紅螞蟻全民英檢初級寫作(第三版 書林,153
CR012-V1-5,弘碁國小段考試題演練5下-賢北,155
XE-091088,聯冠換心店 小天下,188
R0012-3-02B2,金安國小(康校)數學評量3下,96
HDX-E0021-03,蔡坤龍計算王三年級(學校用書),128
SU10-01A-01,南一愛上提早寫作(低1),44
1C-003,寶宏教學光碟(加購),30
CX022-3-0201,翰林版國中新無敵自修數學(6),328
DV020-704041516121,康軒國中麻辣會考複習﹝英語科﹞ 103,315
UFZ-YCB-127B,優奇坊HAPPY DAYS摺疊梳(藍),30
R2-23101320-2,進達節奏B-103自動中性筆0.4-紅,8
NU-SME-65,三瑩手作系列素面隨身小鏡,30
UZ-FF29A0082,幼福彩色塗鴉著色本-新美少女,31
HDX-B0034-02,蔡坤龍推理智力測驗大全(2年級) 新版,200
SU020-4718373850707,南一國中主題式會考英聽達人(下),208
EW-BHB50,光田國小奧林匹克進階數學5年全,252
CX-17004,翰林版升私中資優班自然入學攻略 (5.6年級),150
UC-I050-36-2,亞虎嬰幼兒睡前小故事-啟蒙故事,40
DV022-3-04B5,康軒版國中新命題焦點歷史(6),86
DV012-1-0202,康軒版新挑戰數學評量1下,133
GU-C606913,世一卡通水晶系列13(公主),31
CC022-13A211,漢華國中達陣講義國文(2)康版,179
UC-YA016C,亞虎喜羊羊我的第一本神奇水彩貼,80
GU-B02120,世一聽故事快樂學數學CD,48
GU-VF0073,世一老師，我們好想你,160
NC-4714426203704,三暉我會念弟子規有聲學習書,384
GU-B3812,世一幼兒運筆ABC,30
1G-4718395006496,百世A+數學講義小二第三期,96
155-9868054982,播種者唐詩-七言古詩文,16
r2-20634156-2,進達百樂滑力筆0.38-藍,30
1G-4718395008636,百世國小自然學習自在(三)-新,256
JS-1ABD,五南金頭腦活用成語典,298
R0012-4-02C2,金安國小(翰校)數學評量4下,112
CX-4716413963073,翰林版國小反覆計算百分百4上,96
UFZ-YHK-38A,優奇坊HAPPY DAYS my cash存摺收,26
EW-BDMN42,光田數學推理訓練4下,152
SU10-02B-2,南一版國小數學精熟計算2年級,117
NC-9789866357282,三暉走到哪玩到哪-抓狂謎語,102
DV022-1-0302,康軒版國中百試達英文(2),133
FT-F02021,前程難題剋星(21)國中數學基礎..,224
GU-B3720,世一先修評量卷8-創新數學首冊,30
UCT-B08,螢火蟲一步一步學句子,144
CR012-GX-6,弘碁國小段考試題演練6下-勝利,155
CX020-4716413137429,翰林國中贏戰基測題庫﹝理化﹞,130
FF-CST-107A,青青動物樂園DIY貼-手冊裝飾組,15
CC020-13E102,漢華國中滿分王複習講義﹝數學﹞,135
1G-4718395006953,百世徹底反覆應用(四)-新,104
SU022-3-0103,南一版國中點線面全方位國文(6),169
GU-BA056,世一活力造詞造句100分二年級,42
R0022-03C1-1,金安國中雙向溝通國文(2)翰版,164
CAU-01732004,紅螞蟻少年唐太宗 宇河,254
DV012-6-0202,康軒版新挑戰數學評量6下,140
CX022-1-0501,翰林版國中新無敵自修自然(2),338
CX020-4716413111542,翰林國中唐宋詞讀家新賞,195
RUG-72011,捷英社國中語文考突破(全),192
UFZ-KNO-25039,優奇坊凱利迪25K橫線筆記-彩色魚 特價,15
EG12-V03,高昇寒假雙想抱(數學.語文)3年級,44
TU-1220036022,成陽四指鋼琴家 KD22 新苗,160
155-003,播種者古詩新意1,28
CX020-4716413112136,翰林國中贏家整合式閱讀練習(2),140
CC022-13A235,漢華國中達陣講義數學(4)翰版,187
NC-10100316,三暉小朋友學畫畫,239
FF-CN-5004D,青青50KLife多功能規劃冊(讀書,26
SU022-2-04C3A,南一版國中學習標竿講義公民(4),125
R2-22200909,進達O.B.#200A自動中性筆0.5,11
DV022-1-0201,康軒版國中學習自修數學(2),335
GU-BA046,世一活力閱讀100分四年級,56
SU022-2-0302,南一版國中會考王英文(4),117
TE-OJ348,晨光成語故事閱讀能力學習中(2),36
EG022-FH24,高昇國中多元講義英語(4)翰版,125
XQ012-5-02C2,良品國小(翰版)數學評量5下,112
S1-DPCC44C,南寶維尼萬用繞繩文具盒44C,75
NA-278065330,三民指考強心針-高中數學歷屆試,85
R2-21700374,進達PLUS捲軸雙面膠內帶6mm,60
SU012-1-0302,南一版新超群生活評量1下,140
SU022-2-05A3,南一版國中學習標竿講義自然(4),296
GU-Q13011,世一木工小達人,559
TC-BC310,春暉哈哈書套31.0公分4入,26
CX012-5-0104,翰林版小無敵國語學習卷5下,121
F2012-4-04C2,奇鼎國小(翰版)社會課堂評量4下,112
VT-RX1-1329,協昌巨倫考試專用中性筆0.5(紅),11
CAU-17201017,紅螞蟻鈞媽的快樂育兒經0~1歲 所以,245
UC-D0413335,亞虎Wow!科學大驚奇-超神奇物理,100
CX022-1-04C2,翰林版國中試題寶典公民(2),90
CX022-2-0302,翰林版國中試題寶典英文(4),140
R2-42102907,進達手牌美工刀 0411D,8
SU012-1-0301,南一版新超群生活自修1下,250
CX022-3-04A2,翰林版國中試題寶典地理(6),77
EW-TGMN21,光田小學數學推理應用2年上,128
JS-1AL6,五南國文老師一定要告訴你的終極,170
CX112-6-02A7,翰林版(部編)數學課堂講義6下 〔教用〕,75
F2012-3-02A2,奇鼎國小(南版)數學課堂評量3下,119
R0-9789867666598,金安小學生多功能成語典,199
UC-01-5115,亞虎3D彩色積木,368
DV022-1-0305,康軒版國中新命題焦點英文(2),179
UZ-FF64A0067,幼福蠟筆先生系列-神奇圓圓貼(2.,64
DV012-3-0101,康軒版新挑戰國語自修3下,301
R2-20634120,進達百樂Juice果汁中性筆0.38紅,26
TU-140006644,成陽世界歷史探險套書第四輯 三采,840
AW-4710969421285,明統國小反復應用百分百(2年級),78
CX022-2-0204,翰林版國中新無敵測驗卷數學(4),113
XQ012-1-01B2,良品國小(康版)國語評量1下,96
FW-HC0912B,晴天新意小尖尾梳,9
TU-5770003406,成陽只有一個學生的學校 典藏,210
52-9789868256651,政大悅讀8寶週(低3)快樂看故事3,128
EW-BNCM1B,光田數學智力綜合測驗1年級(修訂,216
R0022-04A2-2,金安國中735輕鬆讀數學(4)南版,109
FF-CP-72,青青600字稿紙-Practical系列,23
S1-DPNA2601B,南寶維尼簡易式筆記2601B,56
GU-B3846,世一幼兒啟蒙數學,30
R0022-03BB-1,金安國中雙向溝通歷史(2)康版,94
EG012-4-02A4,高昇國小數學多元測驗卷4下 (南版),105
R0022-04B3-2,金安國中735輕鬆讀英語(4)康版,104
CX022-2-02A3,翰林版國中超級翰將講義數學(4),289
NC-10130466,三暉FOOD超人Baby認知-日常生活,68
GU-B3827,世一正音練習,30
DV022-3-0503,康軒版國中學習講義自然(6),250
FF-CST-115B,青青DIY抽拉式裝飾貼-貓行李,45
CX-96313,翰林版國小數學解題百分百1年級,112
GU-B4712,世一有趣的昆蟲,79
HDX-B0077-3,蔡坤龍歷屆數學競賽試題三年級 新版(25~34屆),161
SU020-4718373770487,南一國中文法句型快樂學習〔上〕,144
R2-JPC-75B,九達典雅皮紋上翻筆袋(黑),169
NC-10155912,三暉我愛唱歌小鋼琴繪本,464
S1-DPC1-M59D,南寶50K維尼牛皮便條紙,38
NC-31903008,三暉每天一個偵探思維遊戲,187
SU022-1-0401,南一版國中超群新幹線社會(2),351
DV022-1-0103,康軒版國中學習講義國文(2),257
DV012-6-0201,康軒版新挑戰數學自修6下,335
FF-CW-34,青青星星摺紙(布格紋),11
DV10-01A-8,康軒版每週一練語文綜合練高4舊,59
R0020-9789862330401,金安中學生多功能成語典-新版,280
TC-BC268,春暉哈哈書套26.8公分6入,79
UCT-B43,螢火蟲新概念作文高手,144
FT-Z08013,前程五年級數學能力分級測驗,160
EW-BNSS50,光田國小資優生自然科學5年級,224
R2-20130701,進達利百代900F油性筆圓頭(黑),15
SU032-1-0201,南一版高中新幹線數學(2),323
SU022-2-0503,南一版國中點線面全方位自然(4),189
TU-1400045036,成陽核災危機求生記1 三采,224
UC-RC015C,亞虎公主夢幻彩色貼貼畫,48
R2-70101621-3,進達飛龍0.5芯C205(2B),135
GU-B9854,世一奧林匹克數學舉一反三四年級,160
UZ-FF99D0526,幼福孩子不知道的經典故事-愛麗,102
SU012-6-01A6,南一版國語手繕卷6下〔教用〕,45
CX022-2-04C3,翰林版國中教學式講義公民(4),91
XQ012-2-03C2,良品國小(翰版)生活評量2下,109
FK-NB1310,企鵝時尚筆記本16K-猜猜雲(特價 原價35元,20
NA032-2-0301,三民版高中英文自學手冊(4) A+B,351
CR010-E06,弘碁國中升私中試題加強版,77
UZ-FF159D0194,幼福潛能開發遊戲書-我會寫123 附擦寫筆,149
SU022-2-04A2,南一版國中會考王地理(4),86
EG020-R048,高昇國中94~102全集歷屆試題﹝自,143
NC-10155895,三暉ㄅㄆㄇ有聲互動學習書,440
UFZ-YBP-22B,優奇坊B&W學人音符字母書架(白),90
FT-Z01006,前程國語文推理智力測驗6中年級,112
XQ012-5-04A2,良品國小(南版)社會評量5下,105
EG012-4-02A2,高昇國小(南版)數學評量4下,126
CX020-4716413132011,翰林國中贏戰基測五月天﹝英語﹞,218
R2-23101320-3,進達節奏B-103自動中性筆0.4粉紅,8
EG012-6-02B4,高昇國小數學多元測驗卷6下 (康版),105
R0022-02C3-2,金安國中試題篇英語(4)翰版,156
EG022-AK32,高昇國中段層掃描數學(2)康版,257
DV020-702001553321,康軒3300應用題彙編〔數學〕,203
R2-70100925-2,進達飛龍自動橡皮擦-綠 ZER80,19
CAU-0361006304,紅螞蟻NEW高中常用7000字解析 N學習,238
SU12-G-2,南一一起Fun寒假2年級,288
SU112-4-0204,南一(部編)數學百分卷4下,94
UC-D0412319,亞虎小朋友來朗讀-唸唐詩,102
GU-C5059,世一100K國語小辭典,200
CR012-JM-5,弘碁國小段考試題演練5下-文元,139
CAU-01616007,紅螞蟻流傳千年的古希臘神話故事 知青,255
SU012-2-0101,南一版新超群國語自修2下,335
RUG-21301,捷英社閱讀精選(1),63
FK-NB1308,企鵝時尚筆記本16K-變色龍(特價 原價35元,20
CX012-1-0204,翰林版小無敵數學學習卷1下,121
EG022-BK44,高昇國中直說講義自然(4)康版,218
DV012-4-0203,康軒版新挑戰麻辣數學講義4下,154
FT-SE002A,前程爆笑數學3國(上),240
R2-JL-37A,九達蝦米郎紅包袋(永結同心),15
GB-B12,上人多元智能遊戲本(3歲),120
GU-B6162,世一左腦IQ UP UP (3-4歲),120
FF-CPB-38,青青星鮮人物語墊板-簡單生活,11
F2012-4-03C2,奇鼎國小(翰版)自然課堂評量4下,112
GU-B02105,世一歡樂兒歌CD,48
CC020-13O106,漢華國中前進103基測題本﹝社會 定價200元,100
RUG-12004,捷英社遊戲推理數學(4) 不再版10/29,104
R0030-1512019001026,金安高中國文破題秘笈,192
DV012-4-0101,康軒版新挑戰國語自修4下,335
R2-20412012-1,進達櫻花白板筆(藍),34
EG022-BN46,高昇國中直說講義自然(6)南版,182
SU022-1-04B2,南一版國中會考王歷史(2),86
UT-2662032000045,義昌數學作業簿(低),9
CX032-1-04A2,翰林版高中試題挖挖哇地理(2),136
CAU-03118006,紅螞蟻父母最不該對孩子說的話,221
R2-20101275,進達利百代打印台(紅),45
1C-SS12109,寶宏競技疊杯(單人組)-黃,713
CX012-1-0304,翰林版小無敵生活學習卷1下,121
DV020-704141516121,康軒國中麻辣會考複習﹝地理科﹞ 103,270
GU-B2497,世一筆順練習簿,24
GU-B02106,世一快樂唱童謠CD,48
R0022-0105-2,金安國中新講義自然(4),164
R2-21502538-2,進達三菱UMR-1替換芯0.38--紅,53
SU022-1-03A3,南一版國中學習標竿講義英文(2),308
EG022-BN32,高昇國中直說講義數學(2)南版,182
GB-J02,上人迷宮遊戲(2),112
SU012-4-0401,南一版新超群社會自修4下,250
GU-B2145,世一英文練習本,24
CAU-01751004,紅螞蟻中學生作文最常寫錯的字 宇河,213
VT-TU1-919-2,協昌極速919油性筆-藍,15
VT-VTURVZ-12,協昌金黃郵寄公文封12K-小,15
VT-TU-8555,協昌粉彩長尾夾4/3,3
UFZ-YPE-23B,優奇坊便利屋夢想家大三角鉛筆,11
GB-C21,上人資優數學1一年級,96
SU020-4718373770517,南一國中文法句型快樂學習〔下〕,140
SU022-2-0203,南一版國中點線面全方位數學(4),226
GU-B5104-2,世一32K標準學生辭典,256
EG012-4-02A5,高昇(南版)數學作業簿4下,45
FF-CD-3251S,青青32K追夢計畫讀書手札(水藍),165
SU012-2-0202,南一版新超群數學評量2下,140
FF-CN-1338D,青青13K東康功能性加厚筆記(綠),49
TU-1400071807,成陽雨林冒險王7-白蟻大發生 三采,224
CX-96073,翰林版國小閱讀小達人(中1),104
SU020-4718373860539,南一國中點線面複習講義〔英語〕 103,311
CX012-3-0103,翰林版小無敵國語講義3下,133
1U-4718395004546,百揚作文快易通(三下)-學校版,80
R2-23101320-6,進達節奏B-103自動中性筆0.4-紫,8
22-EX05,朵多英文作業簿(全面實線) 進階I寬格,20
CR012-V1-2,弘碁國小段考試題演練2下-賢北,155
CX022-1-0303,翰林版國中教學式講義英文(2),566
UFZ-YSK-1310A,優奇坊HAPPY DAYS畫畫達人13K繪,38
HDX-E0021-01,蔡坤龍計算王一年級(學校用書),128
FF-CDM-119D,青青2014 50K夾鍊年度手冊(火車),75
UCT-B48,螢火蟲學生喜歡我這樣教作文,160
AW-4710969421278,明統國小反復應用百分百(1年級),78
CX020-4716413111238,翰林國中語文大哥大,234
R0022-04A1-2,金安國中735輕鬆讀國文(4)南版,109
CX031-1-05C2,翰林版高中試題挖哇基礎生物(上) 高一,153
FF-PA-S,青青4*6 3孔12K相本補充內頁,59
R0020-1302039001027,金安國中統領考前30天數學科(全),143
DV012-2-0204,康軒版新挑戰數學測驗卷2下,121
R0020-1224002001028,金安國中寫作測驗6級分,125
1G-4718395006946,百世徹底反覆應用(三)-新,104
DV012-1-02A7,康軒版數學重點複習1下〔教用〕,50
FF-CMR-43,青青防塵折梳,30
SU022-1-04A2,南一版國中會考王地理(2),86
CX022-2-0201,翰林版國中新無敵自修數學(4),338
R2-JGC-95B,九達文青卡-蛋生日,23
DV012-3-0402,康軒版新挑戰社會評量3下,133
GU-B3837,世一拼音王國,111
UFZ-KNR-6411B,優奇坊凱利迪64K線圈厚筆記(特,19
UC-QFS03A,亞虎小熊維尼幼幼拼圖,96
GU-C605224,世一奶油獅完美寶貝獎勵貼紙,30
FF-CST-129D,青青手帳裝飾貼(心情篇),13
JS-1X3N,五南圖說:寓言的故事,213
CX020-4716413138921,翰林國中贏戰基測題庫﹝歷史﹞,133
CC022-13A222,漢華國中達陣講義國文(4)南版,187
HDX-A0008,蔡坤龍幼兒資優大全-大班(2),158
52-9789866813160,政大快樂弟子規 悅讀經典2,128
DV020-704141501699,康軒國中世界地理新圖表全集,164
SU10-01A-03,南一愛上提早寫作(低3),55
1G-4718395005963,百世應用問題圖解法(高年級),133
EW-BHB40,光田國小奧林匹克進階數學4年全,288
DV020-704131401699,康軒國中中國歷史新圖表全集,137
RUG-200931,捷英社深耕閱讀訓練教材(高1) (學萌),120
RUG-21206,捷英社詩詞精選(6),63
SU022-3-0301,南一版國中超群新幹線英文(6),304
UFZ-KNR-6412B,優奇坊凱利迪64K PP厚筆記,19
UFZ-YMP-45C,優奇坊便利屋三角橡擦自動鉛筆紫,23
RUG-200934,捷英社深耕閱讀訓練教材(高4) (學萌),120
R2-20634120-5,進達百樂Juice果汁中性筆0.38藍,26
NC-10155894,三暉ABC有聲互動學習書,440
XQ012-4-04B2,良品國小(康版)社會評量4下,90
VT-A-1376,協昌巨倫粉彩自動鉛筆,8
UC-IO50-4,亞虎寶寶塗鴉本-蘋果篇,40
R2-70101621-4,進達飛龍0.5芯C205(3B),34
R0012-4-02B2,金安國小(康校)數學評量4下,112
2T-1200805140225,大成高效能數學2年級,112
RC010-9789867211064,建弘旗開高年級資優數學講義下,175
DV012-5-0304,康軒版新挑戰自然測驗卷5下,121
CX022-1-04C3,翰林版國中教學式講義公民(2),109
EG012-1-02A5A,高昇(南版)數學作業簿1下 〔教用〕,45
DV012-5-0302,康軒版新挑戰自然評量5下,133
CX022-2-0501,翰林版國中新無敵自修自然(4),315
CX022-1-0502,翰林版國中試題寶典自然(2),140
UFZ-KNO-16202,優奇坊凱利迪16K橫線筆記-彩虹樹 特價,20
DV022-2-03A3,康軒版國中麻辣講義英文(4),281
S1-PC0322B,南寶橫式紅色防水證件套,10
SU12-G-6,南一一起Fun寒假6年級,108
EG012-3-02B4,高昇國小數學多元測驗卷3下 (康版),105
CX012-2-0103,翰林版小無敵國語講義2下,133
R0022-04A5-1,金安國中735輕鬆讀自然(2)南版,109
CX022-1-04B3,翰林版國中教學式講義歷史(2),109
EW-BHB62,光田國小奧林匹克進階數學6年下,156
SU022-2-0104,南一版國中新超群百分卷國文(4),109
UC-QH002A,亞虎公主Bling Bling彩繪膠畫,144
R0021-03CC-1,金安國中雙向溝通公民(1)翰版,94
R2-JGC-95D,九達文青卡-地球是圓的,23
FF-CFN-051,青青A4文件夾-Fimiu,15
TU-017102018,成陽勇闖宇宙大冒險1 三采,224
S1-VPNA25K01,南寶KT精裝活頁筆記,149
F2012-6-03A2,奇鼎國小(南版)自然課堂評量6下,112
CR012-02-3,弘碁國小段考試題演練3下-安佃,155
SU022-3-0202,南一版國中會考王數學(6),128
SU020-4718373850691,南一國中主題式會考英聽達人(上),208
1G-4718395007073,百世字詞達人一年級,98
R2-JSE-26,九達文青小春聯裝飾貼(紅),23
DV022-1-04B2,康軒版國中百試達歷史(2),78
CX012-5-0404,翰林版小無敵社會學習卷5下,121
CAU-08798043,紅螞蟻益智尋寶圖(1) 書林,166
TU-1400066433,成陽波蘭尋寶記 三采,224
CX022-3-0502,翰林版國中試題寶典自然(6),133
XQ012-6-03B2,良品國小(康版)自然評量6下,90
UT-4712364828843,義昌數學作業簿(中),18
XQ012-2-02C4,良品國小活潑數學測驗卷2下 (翰版),105
R0022-03A3-2,金安國中雙向溝通英語(4)南版,187
UZ-FF39D0157,幼福寶寶視覺焦點-黑白視覺遊戲,39
RUG-201311,捷英社兒童文學故事(2) 中年級,120
5F-006,正群成語精選題庫(三),112
1C-SS03511,寶宏比賽桌墊G3,637
CAU-03612050,紅螞蟻國中會考英語模擬試題1教 N學習,224
CX022-1-0101,翰林版國中新無敵自修國文(2),351
RC022-1-0503,建弘國中活用講義自然理化(2) 南版,203
XJ-986772741X,朗文英語越讀越有趣(2),170
SU012-6-0302,南一版新超群自然評量6下,135
CX012-4-0403,翰林版小無敵社會講義4下,133
1C-SS02230,寶宏新競技疊杯(專業)-透明,1273
DV022-3-0205,康軒版國中新命題焦點數學(6),172
EG022-BN42,高昇國中直說講義自然(2)南版,195
SU10-02C-6,南一版國小數學進階應用6年級,124
R2-65010761-2,進達華麗標籤1029,11
CX022-1-05A3,翰林版國中超級翰將講義自然(2),289
SU012-4-0402,南一版新超群社會評量4下,140
R2-093,進達12色奶油獅彩色筆,64
FT-Z01031,前程閱讀旅行團-低(1),112
UFZ-KNR-2515C,優奇坊凱利迪25K PP厚筆記,39
SU022-1-04B3,南一版國中點線面全方位歷史(2),91
2T-1201312180339,大成高效能數學3年級(新版),144
SU022-1-0303,南一版國中點線面全方位英文(2),242
XE-022792,聯冠大家說英語2014第2期,108
F2012-5-03A2,奇鼎國小(南版)自然課堂評量5下,112
CX-4716413960652,翰林版國小語文小達人5年級,128
NC-26500035,三暉(藍)筆博士中油筆,44
R0022-04C5-3,金安國中735輕鬆讀自然(6)翰版,105
UFZ-YMP-46A,優奇坊便利屋0.9抗壓三角自動鉛,26
R0022-02C2-1,金安國中試題篇數學(2)翰版,148
R2-JSE-23,九達文青小春聯裝飾貼(粉),23
SU012-5-0304,南一版新超群自然百分卷5下,109
R0020-1206022001011,金安國中英語閱讀〔應用能力篇〕,187
XQ012-5-02B4,良品國小活潑數學測驗卷5下 (康版),91
CX022-1-04B2,翰林版國中試題寶典歷史(2),75
HDX-A0020-2,蔡坤龍幼兒歷屆試題(25-34屆),173
XQ012-1-02C2,良品國小(翰版)數學評量1下,96
R2-23101320-5,進達節奏B-103自動中性筆0.4-綠,8
UZ-FF199D0190,幼福格林童話一本通(新版),199
VT-A-1381,協昌巨倫2經典原子筆0.7,19
UFZ-YSK-1309C,優奇坊Happy days13K繪圖本,38
XJ-9861542183,朗文英文正確用法指引(2) 國二,180
UC-QFS01A,亞虎米奇幼幼拼圖A,96
EG012-6-02A4,高昇國小數學多元測驗卷6下 (南版),105
RUG-200912,捷英社啟蒙閱讀訓練教材(低2) (學萌),120
F2012-5-04C2,奇鼎國小(翰版)社會課堂評量5下,96
AX012-6-01C2,明霖國小(翰版)國語課堂評量6下,112
EG022-BN36,高昇國中直說講義數學(6)南版,191
JS-1AP4,五南精編簡明成語辭典,298
UC-DAA07F,亞虎朵拉貼紙學習書-開心學英文,64
VT-CX-916,協昌極速原子筆0.6-藍,36
TU-14000690,成陽漫畫三國志(套書) 三采,938
FT-F02004,前程難題剋星(4)二元一次方程式,128
TU-1400073508,成陽楓之谷大冒險8-魔王塔的陷阱 三采,224
UZ-FF29A0084,幼福彩色塗鴉著色本-白雪公主,31
FT-Z3064,前程數學升級魔法書1上,144
RUG-14001,捷英社每日10題(1年級),144
DV022-2-0305,康軒版國中新命題焦點英文(4),150
SU022-3-0503,南一版國中點線面全方位自然(6),176
CQ021-9789867284723,華普縱橫天下國中資優數學(5)(6),281
NA-957145279,三民全民英檢初級模擬試題 附解析及CD,298
R0020-1106019001027,金安國中會考基精123﹝國文﹞,188
FF-CN-10001,青青100K動物橫線手冊,11
XQ112-6-0202,良品國小(部編)數學評量6下,96
R2-JPE-27,九達中文風自動免壓鉛筆,23
R2-21502286-2,進達三菱UM-151中性筆0.28(藍),31
EW-WNE12,光田國小基礎寫作引導1下,144
CX022-1-0306,翰林版國中英文聽力特快車(2),109
CX-4716413960638,翰林版國小語文小達人3年級,128
F2012-3-02C2,奇鼎國小(翰版)數學課堂評量3下,119
SU022-2-04A3,南一版國中點線面全方位地理(4),109
CX020-4716413112129,翰林國中贏家整合式閱讀練習(1),98
DV012-3-0401,康軒版新挑戰社會自修3下,250
FF-PA-339C,青青經典相框相本(咖),135
TU-017401010,成陽數學解題王3 三采,224
GU-B5107-2,世一64K精編國語辭典,96
FT-Z07026,前程IQ智力測驗三年級(下),105
DV012-6-0203,康軒版新挑戰麻辣數學講義6下,172
VT-A-1385,協昌巨倫2B電腦答卷鉛筆,11
